2025-08-28 13:14:05,414 [INFO] Starting WLASL100...
2025-08-28 13:14:05,414 [INFO] Training using datasets/WLASL100_train_25fps.csv...
2025-08-28 13:15:10,323 [INFO] Save checkpoint for [1] as out-checkpoints/WLASL100/checkpoint_v_0.pth
2025-08-28 13:15:10,325 [INFO] [1] TRAIN  loss: 4.666730649003359 acc: 0.01171875
2025-08-28 13:15:10,325 [INFO] [1] AVG TRAIN time per sample (sec): 0.08888302116750557 
2025-08-28 13:15:10,325 [INFO] [1] VALIDATION  acc: 0.0234375
2025-08-28 13:15:10,325 [INFO] [1] VALIDATION  Top 5 acc: 0.0234375
2025-08-28 13:15:10,325 [INFO] 
2025-08-28 13:16:15,983 [INFO] Save checkpoint for [2] as out-checkpoints/WLASL100/checkpoint_v_1.pth
2025-08-28 13:16:15,983 [INFO] [2] TRAIN  loss: 4.4077861465026285 acc: 0.051953125
2025-08-28 13:16:15,983 [INFO] [2] AVG TRAIN time per sample (sec): 0.08851277493984899 
2025-08-28 13:16:15,983 [INFO] [2] VALIDATION  acc: 0.1484375
2025-08-28 13:16:15,983 [INFO] [2] VALIDATION  Top 5 acc: 0.1484375
2025-08-28 13:16:15,983 [INFO] 
2025-08-28 13:17:20,244 [INFO] Save checkpoint for [3] as out-checkpoints/WLASL100/checkpoint_v_1.pth
2025-08-28 13:17:20,246 [INFO] [3] TRAIN  loss: 3.8824839369158877 acc: 0.184765625
2025-08-28 13:17:20,246 [INFO] [3] AVG TRAIN time per sample (sec): 0.0865951809927682 
2025-08-28 13:17:20,246 [INFO] [3] VALIDATION  acc: 0.2609375
2025-08-28 13:17:20,246 [INFO] [3] VALIDATION  Top 5 acc: 0.2609375
2025-08-28 13:17:20,246 [INFO] 
2025-08-28 13:18:25,556 [INFO] Save checkpoint for [4] as out-checkpoints/WLASL100/checkpoint_v_1.pth
2025-08-28 13:18:25,556 [INFO] [4] TRAIN  loss: 3.53321966723861 acc: 0.29921875
2025-08-28 13:18:25,556 [INFO] [4] AVG TRAIN time per sample (sec): 0.08546838804940197 
2025-08-28 13:18:25,556 [INFO] [4] VALIDATION  acc: 0.371875
2025-08-28 13:18:25,558 [INFO] [4] VALIDATION  Top 5 acc: 0.371875
2025-08-28 13:18:25,558 [INFO] 
2025-08-28 13:19:30,718 [INFO] Save checkpoint for [5] as out-checkpoints/WLASL100/checkpoint_v_1.pth
2025-08-28 13:19:30,718 [INFO] [5] TRAIN  loss: 3.2564788533148366 acc: 0.403515625
2025-08-28 13:19:30,718 [INFO] [5] AVG TRAIN time per sample (sec): 0.08697959864250968 
2025-08-28 13:19:30,718 [INFO] [5] VALIDATION  acc: 0.4265625
2025-08-28 13:19:30,718 [INFO] [5] VALIDATION  Top 5 acc: 0.4265625
2025-08-28 13:19:30,718 [INFO] 
2025-08-28 13:20:36,178 [INFO] Save checkpoint for [6] as out-checkpoints/WLASL100/checkpoint_v_1.pth
2025-08-28 13:20:36,178 [INFO] [6] TRAIN  loss: 3.0186707683812792 acc: 0.481640625
2025-08-28 13:20:36,178 [INFO] [6] AVG TRAIN time per sample (sec): 0.08695419035225271 
2025-08-28 13:20:36,178 [INFO] [6] VALIDATION  acc: 0.4984375
2025-08-28 13:20:36,178 [INFO] [6] VALIDATION  Top 5 acc: 0.4984375
2025-08-28 13:20:36,178 [INFO] 
2025-08-28 13:21:41,485 [INFO] Save checkpoint for [7] as out-checkpoints/WLASL100/checkpoint_v_1.pth
2025-08-28 13:21:41,485 [INFO] [7] TRAIN  loss: 2.8100189494195384 acc: 0.53515625
2025-08-28 13:21:41,485 [INFO] [7] AVG TRAIN time per sample (sec): 0.08756775722325405 
2025-08-28 13:21:41,485 [INFO] [7] VALIDATION  acc: 0.54375
2025-08-28 13:21:41,485 [INFO] [7] VALIDATION  Top 5 acc: 0.54375
2025-08-28 13:21:41,485 [INFO] 
2025-08-28 13:22:46,193 [INFO] Save checkpoint for [8] as out-checkpoints/WLASL100/checkpoint_v_1.pth
2025-08-28 13:22:46,193 [INFO] [8] TRAIN  loss: 2.617054876880111 acc: 0.5859375
2025-08-28 13:22:46,193 [INFO] [8] AVG TRAIN time per sample (sec): 0.08578546470570787 
2025-08-28 13:22:46,198 [INFO] [8] VALIDATION  acc: 0.58125
2025-08-28 13:22:46,198 [INFO] [8] VALIDATION  Top 5 acc: 0.58125
2025-08-28 13:22:46,198 [INFO] 
2025-08-28 13:23:51,643 [INFO] Save checkpoint for [9] as out-checkpoints/WLASL100/checkpoint_v_1.pth
2025-08-28 13:23:51,645 [INFO] [9] TRAIN  loss: 2.4570192711375585 acc: 0.631640625
2025-08-28 13:23:51,645 [INFO] [9] AVG TRAIN time per sample (sec): 0.08558349965888763 
2025-08-28 13:23:51,645 [INFO] [9] VALIDATION  acc: 0.6140625
2025-08-28 13:23:51,645 [INFO] [9] VALIDATION  Top 5 acc: 0.6140625
2025-08-28 13:23:51,646 [INFO] 
2025-08-28 13:24:56,213 [INFO] Save checkpoint for [10] as out-checkpoints/WLASL100/checkpoint_v_1.pth
2025-08-28 13:24:56,213 [INFO] [10] TRAIN  loss: 2.3120098648784317 acc: 0.661328125
2025-08-28 13:24:56,213 [INFO] [10] AVG TRAIN time per sample (sec): 0.08527879403016278 
2025-08-28 13:24:56,213 [INFO] [10] VALIDATION  acc: 0.634375
2025-08-28 13:24:56,213 [INFO] [10] VALIDATION  Top 5 acc: 0.634375
2025-08-28 13:24:56,213 [INFO] 
2025-08-28 13:26:01,393 [INFO] Save checkpoint for [11] as out-checkpoints/WLASL100/checkpoint_v_1.pth
2025-08-28 13:26:01,393 [INFO] [11] TRAIN  loss: 2.1674856025481892 acc: 0.70078125
2025-08-28 13:26:01,393 [INFO] [11] AVG TRAIN time per sample (sec): 0.08678530309801903 
2025-08-28 13:26:01,393 [INFO] [11] VALIDATION  acc: 0.66875
2025-08-28 13:26:01,393 [INFO] [11] VALIDATION  Top 5 acc: 0.66875
2025-08-28 13:26:01,393 [INFO] 
2025-08-28 13:27:06,593 [INFO] Save checkpoint for [12] as out-checkpoints/WLASL100/checkpoint_v_2.pth
2025-08-28 13:27:06,593 [INFO] [12] TRAIN  loss: 2.051582978150555 acc: 0.7171875
2025-08-28 13:27:06,593 [INFO] [12] AVG TRAIN time per sample (sec): 0.08561007330350787 
2025-08-28 13:27:06,593 [INFO] [12] VALIDATION  acc: 0.6828125
2025-08-28 13:27:06,593 [INFO] [12] VALIDATION  Top 5 acc: 0.6828125
2025-08-28 13:27:06,593 [INFO] 
2025-08-28 13:28:16,159 [INFO] Save checkpoint for [13] as out-checkpoints/WLASL100/checkpoint_v_2.pth
2025-08-28 13:28:16,159 [INFO] [13] TRAIN  loss: 1.9277045704494014 acc: 0.75703125
2025-08-28 13:28:16,159 [INFO] [13] AVG TRAIN time per sample (sec): 0.08716101512730678 
2025-08-28 13:28:16,159 [INFO] [13] VALIDATION  acc: 0.6890625
2025-08-28 13:28:16,159 [INFO] [13] VALIDATION  Top 5 acc: 0.6890625
2025-08-28 13:28:16,159 [INFO] 
2025-08-28 13:29:26,580 [INFO] Save checkpoint for [14] as out-checkpoints/WLASL100/checkpoint_v_2.pth
2025-08-28 13:29:26,580 [INFO] [14] TRAIN  loss: 1.8477065897433558 acc: 0.767578125
2025-08-28 13:29:26,580 [INFO] [14] AVG TRAIN time per sample (sec): 0.10356120305640676 
2025-08-28 13:29:26,580 [INFO] [14] VALIDATION  acc: 0.7109375
2025-08-28 13:29:26,583 [INFO] [14] VALIDATION  Top 5 acc: 0.7109375
2025-08-28 13:29:26,583 [INFO] 
2025-08-28 13:30:37,928 [INFO] Save checkpoint for [15] as out-checkpoints/WLASL100/checkpoint_v_2.pth
2025-08-28 13:30:37,928 [INFO] [15] TRAIN  loss: 1.7644898601781542 acc: 0.794140625
2025-08-28 13:30:37,928 [INFO] [15] AVG TRAIN time per sample (sec): 0.10351592358027663 
2025-08-28 13:30:37,928 [INFO] [15] VALIDATION  acc: 0.71875
2025-08-28 13:30:37,928 [INFO] [15] VALIDATION  Top 5 acc: 0.71875
2025-08-28 13:30:37,928 [INFO] 
2025-08-28 13:31:47,543 [INFO] Save checkpoint for [16] as out-checkpoints/WLASL100/checkpoint_v_2.pth
2025-08-28 13:31:47,543 [INFO] [16] TRAIN  loss: 1.690301485150774 acc: 0.807421875
2025-08-28 13:31:47,543 [INFO] [16] AVG TRAIN time per sample (sec): 0.1010559875274373 
2025-08-28 13:31:47,543 [INFO] [16] VALIDATION  acc: 0.73125
2025-08-28 13:31:47,543 [INFO] [16] VALIDATION  Top 5 acc: 0.73125
2025-08-28 13:31:47,543 [INFO] 
2025-08-28 13:32:57,128 [INFO] Save checkpoint for [17] as out-checkpoints/WLASL100/checkpoint_v_2.pth
2025-08-28 13:32:57,128 [INFO] [17] TRAIN  loss: 1.6146752188138873 acc: 0.83203125
2025-08-28 13:32:57,128 [INFO] [17] AVG TRAIN time per sample (sec): 0.10136658454609808 
2025-08-28 13:32:57,128 [INFO] [17] VALIDATION  acc: 0.7359375
2025-08-28 13:32:57,128 [INFO] [17] VALIDATION  Top 5 acc: 0.7359375
2025-08-28 13:32:57,128 [INFO] 
2025-08-28 13:34:04,265 [INFO] Save checkpoint for [18] as out-checkpoints/WLASL100/checkpoint_v_2.pth
2025-08-28 13:34:04,265 [INFO] [18] TRAIN  loss: 1.5480720306111273 acc: 0.844140625
2025-08-28 13:34:04,265 [INFO] [18] AVG TRAIN time per sample (sec): 0.09004495745507356 
2025-08-28 13:34:04,265 [INFO] [18] VALIDATION  acc: 0.759375
2025-08-28 13:34:04,265 [INFO] [18] VALIDATION  Top 5 acc: 0.759375
2025-08-28 13:34:04,265 [INFO] 
2025-08-28 13:35:08,819 [INFO] Save checkpoint for [19] as out-checkpoints/WLASL100/checkpoint_v_2.pth
2025-08-28 13:35:08,819 [INFO] [19] TRAIN  loss: 1.5073471782363463 acc: 0.85234375
2025-08-28 13:35:08,819 [INFO] [19] AVG TRAIN time per sample (sec): 0.08671735157476407 
2025-08-28 13:35:08,819 [INFO] [19] VALIDATION  acc: 0.7625
2025-08-28 13:35:08,819 [INFO] [19] VALIDATION  Top 5 acc: 0.7625
2025-08-28 13:35:08,819 [INFO] 
2025-08-28 13:36:14,442 [INFO] Save checkpoint for [20] as out-checkpoints/WLASL100/checkpoint_v_2.pth
2025-08-28 13:36:14,442 [INFO] [20] TRAIN  loss: 1.4493987181476344 acc: 0.866796875
2025-08-28 13:36:14,442 [INFO] [20] AVG TRAIN time per sample (sec): 0.08678334227232175 
2025-08-28 13:36:14,442 [INFO] [20] VALIDATION  acc: 0.7640625
2025-08-28 13:36:14,442 [INFO] [20] VALIDATION  Top 5 acc: 0.7640625
2025-08-28 13:36:14,442 [INFO] 
2025-08-28 13:37:19,022 [INFO] Save checkpoint for [21] as out-checkpoints/WLASL100/checkpoint_v_2.pth
2025-08-28 13:37:19,022 [INFO] [21] TRAIN  loss: 1.4021118734484521 acc: 0.870703125
2025-08-28 13:37:19,022 [INFO] [21] AVG TRAIN time per sample (sec): 0.08539806793783312 
2025-08-28 13:37:19,022 [INFO] [21] VALIDATION  acc: 0.775
2025-08-28 13:37:19,022 [INFO] [21] VALIDATION  Top 5 acc: 0.775
2025-08-28 13:37:19,022 [INFO] 
2025-08-28 13:38:29,412 [INFO] Save checkpoint for [22] as out-checkpoints/WLASL100/checkpoint_v_3.pth
2025-08-28 13:38:29,412 [INFO] [22] TRAIN  loss: 1.374318630895882 acc: 0.879296875
2025-08-28 13:38:29,412 [INFO] [22] AVG TRAIN time per sample (sec): 0.10322854897686254 
2025-08-28 13:38:29,413 [INFO] [22] VALIDATION  acc: 0.7734375
2025-08-28 13:38:29,413 [INFO] [22] VALIDATION  Top 5 acc: 0.7734375
2025-08-28 13:38:29,413 [INFO] 
2025-08-28 13:39:39,162 [INFO] [23] TRAIN  loss: 1.331663327796437 acc: 0.88984375
2025-08-28 13:39:39,162 [INFO] [23] AVG TRAIN time per sample (sec): 0.10310587481917621 
2025-08-28 13:39:39,162 [INFO] [23] VALIDATION  acc: 0.7671875
2025-08-28 13:39:39,162 [INFO] [23] VALIDATION  Top 5 acc: 0.7734375
2025-08-28 13:39:39,162 [INFO] 
2025-08-28 13:40:48,100 [INFO] Save checkpoint for [24] as out-checkpoints/WLASL100/checkpoint_v_3.pth
2025-08-28 13:40:48,100 [INFO] [24] TRAIN  loss: 1.3057841363354263 acc: 0.896875
2025-08-28 13:40:48,100 [INFO] [24] AVG TRAIN time per sample (sec): 0.1027744908199132 
2025-08-28 13:40:48,100 [INFO] [24] VALIDATION  acc: 0.778125
2025-08-28 13:40:48,100 [INFO] [24] VALIDATION  Top 5 acc: 0.778125
2025-08-28 13:40:48,100 [INFO] 
2025-08-28 13:41:54,323 [INFO] Save checkpoint for [25] as out-checkpoints/WLASL100/checkpoint_v_3.pth
2025-08-28 13:41:54,323 [INFO] [25] TRAIN  loss: 1.2716271231107623 acc: 0.90078125
2025-08-28 13:41:54,323 [INFO] [25] AVG TRAIN time per sample (sec): 0.0882129201265139 
2025-08-28 13:41:54,323 [INFO] [25] VALIDATION  acc: 0.7796875
2025-08-28 13:41:54,323 [INFO] [25] VALIDATION  Top 5 acc: 0.7796875
2025-08-28 13:41:54,323 [INFO] 
2025-08-28 13:42:59,244 [INFO] Save checkpoint for [26] as out-checkpoints/WLASL100/checkpoint_v_3.pth
2025-08-28 13:42:59,246 [INFO] [26] TRAIN  loss: 1.2466921227000585 acc: 0.9125
2025-08-28 13:42:59,246 [INFO] [26] AVG TRAIN time per sample (sec): 0.08512155363492876 
2025-08-28 13:42:59,246 [INFO] [26] VALIDATION  acc: 0.78125
2025-08-28 13:42:59,246 [INFO] [26] VALIDATION  Top 5 acc: 0.78125
2025-08-28 13:42:59,246 [INFO] 
2025-08-28 13:44:05,175 [INFO] Save checkpoint for [27] as out-checkpoints/WLASL100/checkpoint_v_3.pth
2025-08-28 13:44:05,175 [INFO] [27] TRAIN  loss: 1.2264911972473715 acc: 0.91171875
2025-08-28 13:44:05,175 [INFO] [27] AVG TRAIN time per sample (sec): 0.08645536075128574 
2025-08-28 13:44:05,175 [INFO] [27] VALIDATION  acc: 0.79375
2025-08-28 13:44:05,175 [INFO] [27] VALIDATION  Top 5 acc: 0.79375
2025-08-28 13:44:05,182 [INFO] 
2025-08-28 13:45:10,756 [INFO] Save checkpoint for [28] as out-checkpoints/WLASL100/checkpoint_v_3.pth
2025-08-28 13:45:10,756 [INFO] [28] TRAIN  loss: 1.2052315685236565 acc: 0.91484375
2025-08-28 13:45:10,756 [INFO] [28] AVG TRAIN time per sample (sec): 0.08750585083649537 
2025-08-28 13:45:10,756 [INFO] [28] VALIDATION  acc: 0.8
2025-08-28 13:45:10,756 [INFO] [28] VALIDATION  Top 5 acc: 0.8
2025-08-28 13:45:10,762 [INFO] 
2025-08-28 13:46:16,132 [INFO] Save checkpoint for [29] as out-checkpoints/WLASL100/checkpoint_v_3.pth
2025-08-28 13:46:16,132 [INFO] [29] TRAIN  loss: 1.1750427673910266 acc: 0.9265625
2025-08-28 13:46:16,132 [INFO] [29] AVG TRAIN time per sample (sec): 0.08699229944532162 
2025-08-28 13:46:16,132 [INFO] [29] VALIDATION  acc: 0.8078125
2025-08-28 13:46:16,132 [INFO] [29] VALIDATION  Top 5 acc: 0.8078125
2025-08-28 13:46:16,132 [INFO] 
2025-08-28 13:47:20,072 [INFO] [30] TRAIN  loss: 1.1662705323406468 acc: 0.92421875
2025-08-28 13:47:20,072 [INFO] [30] AVG TRAIN time per sample (sec): 0.08602648137885834 
2025-08-28 13:47:20,072 [INFO] [30] VALIDATION  acc: 0.7921875
2025-08-28 13:47:20,072 [INFO] [30] VALIDATION  Top 5 acc: 0.8078125
2025-08-28 13:47:20,072 [INFO] 
2025-08-28 13:48:24,982 [INFO] [31] TRAIN  loss: 1.150117891971196 acc: 0.93125
2025-08-28 13:48:24,982 [INFO] [31] AVG TRAIN time per sample (sec): 0.08636532542861511 
2025-08-28 13:48:24,982 [INFO] [31] VALIDATION  acc: 0.7984375
2025-08-28 13:48:24,982 [INFO] [31] VALIDATION  Top 5 acc: 0.8078125
2025-08-28 13:48:24,982 [INFO] 
2025-08-28 13:49:29,762 [INFO] Save checkpoint for [32] as out-checkpoints/WLASL100/checkpoint_v_4.pth
2025-08-28 13:49:29,762 [INFO] [32] TRAIN  loss: 1.1389569434050089 acc: 0.930859375
2025-08-28 13:49:29,767 [INFO] [32] AVG TRAIN time per sample (sec): 0.08633147667501574 
2025-08-28 13:49:29,767 [INFO] [32] VALIDATION  acc: 0.7953125
2025-08-28 13:49:29,767 [INFO] [32] VALIDATION  Top 5 acc: 0.7953125
2025-08-28 13:49:29,767 [INFO] 
2025-08-28 13:50:34,550 [INFO] Save checkpoint for [33] as out-checkpoints/WLASL100/checkpoint_v_4.pth
2025-08-28 13:50:34,552 [INFO] [33] TRAIN  loss: 1.122016407619013 acc: 0.93515625
2025-08-28 13:50:34,552 [INFO] [33] AVG TRAIN time per sample (sec): 0.08608149813714429 
2025-08-28 13:50:34,552 [INFO] [33] VALIDATION  acc: 0.803125
2025-08-28 13:50:34,552 [INFO] [33] VALIDATION  Top 5 acc: 0.803125
2025-08-28 13:50:34,552 [INFO] 
2025-08-28 13:51:41,138 [INFO] Save checkpoint for [34] as out-checkpoints/WLASL100/checkpoint_v_4.pth
2025-08-28 13:51:41,138 [INFO] [34] TRAIN  loss: 1.1056308211567245 acc: 0.941015625
2025-08-28 13:51:41,138 [INFO] [34] AVG TRAIN time per sample (sec): 0.08771561239367333 
2025-08-28 13:51:41,138 [INFO] [34] VALIDATION  acc: 0.8046875
2025-08-28 13:51:41,138 [INFO] [34] VALIDATION  Top 5 acc: 0.8046875
2025-08-28 13:51:41,138 [INFO] 
2025-08-28 13:52:45,765 [INFO] [35] TRAIN  loss: 1.099382703549394 acc: 0.940234375
2025-08-28 13:52:45,765 [INFO] [35] AVG TRAIN time per sample (sec): 0.08649901808979356 
2025-08-28 13:52:45,765 [INFO] [35] VALIDATION  acc: 0.8015625
2025-08-28 13:52:45,765 [INFO] [35] VALIDATION  Top 5 acc: 0.8046875
2025-08-28 13:52:45,765 [INFO] 
2025-08-28 13:53:51,009 [INFO] Save checkpoint for [36] as out-checkpoints/WLASL100/checkpoint_v_4.pth
2025-08-28 13:53:51,009 [INFO] [36] TRAIN  loss: 1.0815238596122956 acc: 0.953125
2025-08-28 13:53:51,009 [INFO] [36] AVG TRAIN time per sample (sec): 0.08500299052657367 
2025-08-28 13:53:51,009 [INFO] [36] VALIDATION  acc: 0.809375
2025-08-28 13:53:51,009 [INFO] [36] VALIDATION  Top 5 acc: 0.809375
2025-08-28 13:53:51,009 [INFO] 
2025-08-28 13:54:55,531 [INFO] [37] TRAIN  loss: 1.0692952949310017 acc: 0.95390625
2025-08-28 13:54:55,531 [INFO] [37] AVG TRAIN time per sample (sec): 0.08593956109519317 
2025-08-28 13:54:55,531 [INFO] [37] VALIDATION  acc: 0.8046875
2025-08-28 13:54:55,531 [INFO] [37] VALIDATION  Top 5 acc: 0.809375
2025-08-28 13:54:55,531 [INFO] 
2025-08-28 13:56:02,894 [INFO] [38] TRAIN  loss: 1.0631974122234593 acc: 0.955859375
2025-08-28 13:56:02,896 [INFO] [38] AVG TRAIN time per sample (sec): 0.09404669075368721 
2025-08-28 13:56:02,896 [INFO] [38] VALIDATION  acc: 0.80625
2025-08-28 13:56:02,896 [INFO] [38] VALIDATION  Top 5 acc: 0.809375
2025-08-28 13:56:02,896 [INFO] 
2025-08-28 13:57:07,034 [INFO] Save checkpoint for [39] as out-checkpoints/WLASL100/checkpoint_v_4.pth
2025-08-28 13:57:07,036 [INFO] [39] TRAIN  loss: 1.0620557838511244 acc: 0.948046875
2025-08-28 13:57:07,036 [INFO] [39] AVG TRAIN time per sample (sec): 0.08568713598162214 
2025-08-28 13:57:07,036 [INFO] [39] VALIDATION  acc: 0.81875
2025-08-28 13:57:07,036 [INFO] [39] VALIDATION  Top 5 acc: 0.81875
2025-08-28 13:57:07,036 [INFO] 
2025-08-28 13:58:13,491 [INFO] [40] TRAIN  loss: 1.0427377290814837 acc: 0.95703125
2025-08-28 13:58:13,491 [INFO] [40] AVG TRAIN time per sample (sec): 0.08588273057313724 
2025-08-28 13:58:13,491 [INFO] [40] VALIDATION  acc: 0.8015625
2025-08-28 13:58:13,491 [INFO] [40] VALIDATION  Top 5 acc: 0.81875
2025-08-28 13:58:13,491 [INFO] 
2025-08-28 13:59:18,485 [INFO] [41] TRAIN  loss: 1.0348239078699986 acc: 0.959375
2025-08-28 13:59:18,485 [INFO] [41] AVG TRAIN time per sample (sec): 0.08619350807689061 
2025-08-28 13:59:18,485 [INFO] [41] VALIDATION  acc: 0.8171875
2025-08-28 13:59:18,485 [INFO] [41] VALIDATION  Top 5 acc: 0.81875
2025-08-28 13:59:18,485 [INFO] 
2025-08-28 14:00:24,105 [INFO] Save checkpoint for [42] as out-checkpoints/WLASL100/checkpoint_v_5.pth
2025-08-28 14:00:24,105 [INFO] [42] TRAIN  loss: 1.030649630822868 acc: 0.960546875
2025-08-28 14:00:24,105 [INFO] [42] AVG TRAIN time per sample (sec): 0.0876161138588023 
2025-08-28 14:00:24,106 [INFO] [42] VALIDATION  acc: 0.8140625
2025-08-28 14:00:24,106 [INFO] [42] VALIDATION  Top 5 acc: 0.8140625
2025-08-28 14:00:24,106 [INFO] 
2025-08-28 14:01:29,885 [INFO] [43] TRAIN  loss: 1.0270372907692027 acc: 0.9625
2025-08-28 14:01:29,885 [INFO] [43] AVG TRAIN time per sample (sec): 0.08627287026877715 
2025-08-28 14:01:29,885 [INFO] [43] VALIDATION  acc: 0.8078125
2025-08-28 14:01:29,885 [INFO] [43] VALIDATION  Top 5 acc: 0.8140625
2025-08-28 14:01:29,885 [INFO] 
2025-08-28 14:02:34,591 [INFO] Save checkpoint for [44] as out-checkpoints/WLASL100/checkpoint_v_5.pth
2025-08-28 14:02:34,591 [INFO] [44] TRAIN  loss: 1.0353178933402087 acc: 0.962109375
2025-08-28 14:02:34,591 [INFO] [44] AVG TRAIN time per sample (sec): 0.08682791094913661 
2025-08-28 14:02:34,591 [INFO] [44] VALIDATION  acc: 0.815625
2025-08-28 14:02:34,591 [INFO] [44] VALIDATION  Top 5 acc: 0.815625
2025-08-28 14:02:34,591 [INFO] 
2025-08-28 14:03:39,111 [INFO] [45] TRAIN  loss: 1.014154380727037 acc: 0.96484375
2025-08-28 14:03:39,111 [INFO] [45] AVG TRAIN time per sample (sec): 0.08592178219946746 
2025-08-28 14:03:39,111 [INFO] [45] VALIDATION  acc: 0.8078125
2025-08-28 14:03:39,111 [INFO] [45] VALIDATION  Top 5 acc: 0.815625
2025-08-28 14:03:39,111 [INFO] 
2025-08-28 14:04:44,408 [INFO] Save checkpoint for [46] as out-checkpoints/WLASL100/checkpoint_v_5.pth
2025-08-28 14:04:44,408 [INFO] [46] TRAIN  loss: 1.0105980133341852 acc: 0.963671875
2025-08-28 14:04:44,408 [INFO] [46] AVG TRAIN time per sample (sec): 0.08634948062005444 
2025-08-28 14:04:44,408 [INFO] [46] VALIDATION  acc: 0.821875
2025-08-28 14:04:44,408 [INFO] [46] VALIDATION  Top 5 acc: 0.821875
2025-08-28 14:04:44,408 [INFO] 
2025-08-28 14:05:51,873 [INFO] [47] TRAIN  loss: 1.0036748725677205 acc: 0.96484375
2025-08-28 14:05:51,873 [INFO] [47] AVG TRAIN time per sample (sec): 0.08694271729371258 
2025-08-28 14:05:51,873 [INFO] [47] VALIDATION  acc: 0.8109375
2025-08-28 14:05:51,873 [INFO] [47] VALIDATION  Top 5 acc: 0.821875
2025-08-28 14:05:51,873 [INFO] 
2025-08-28 14:07:04,641 [INFO] [48] TRAIN  loss: 0.9980016690548336 acc: 0.969921875
2025-08-28 14:07:04,641 [INFO] [48] AVG TRAIN time per sample (sec): 0.10701018850380015 
2025-08-28 14:07:04,641 [INFO] [48] VALIDATION  acc: 0.8109375
2025-08-28 14:07:04,641 [INFO] [48] VALIDATION  Top 5 acc: 0.821875
2025-08-28 14:07:04,641 [INFO] 
2025-08-28 14:08:15,518 [INFO] [49] TRAIN  loss: 0.9956126703280155 acc: 0.969140625
2025-08-28 14:08:15,518 [INFO] [49] AVG TRAIN time per sample (sec): 0.1031826656555461 
2025-08-28 14:08:15,518 [INFO] [49] VALIDATION  acc: 0.8171875
2025-08-28 14:08:15,521 [INFO] [49] VALIDATION  Top 5 acc: 0.821875
2025-08-28 14:08:15,521 [INFO] 
2025-08-28 14:09:24,641 [INFO] [50] TRAIN  loss: 0.9923346688814252 acc: 0.96953125
2025-08-28 14:09:24,641 [INFO] [50] AVG TRAIN time per sample (sec): 0.1038706614592365 
2025-08-28 14:09:24,641 [INFO] [50] VALIDATION  acc: 0.821875
2025-08-28 14:09:24,641 [INFO] [50] VALIDATION  Top 5 acc: 0.821875
2025-08-28 14:09:24,641 [INFO] 
2025-08-28 14:10:33,031 [INFO] Save checkpoint for [51] as out-checkpoints/WLASL100/checkpoint_v_5.pth
2025-08-28 14:10:33,031 [INFO] [51] TRAIN  loss: 0.9945680850020079 acc: 0.967578125
2025-08-28 14:10:33,031 [INFO] [51] AVG TRAIN time per sample (sec): 0.10395798950551827 
2025-08-28 14:10:33,031 [INFO] [51] VALIDATION  acc: 0.8234375
2025-08-28 14:10:33,031 [INFO] [51] VALIDATION  Top 5 acc: 0.8234375
2025-08-28 14:10:33,031 [INFO] 
2025-08-28 14:11:42,621 [INFO] Save checkpoint for [52] as out-checkpoints/WLASL100/checkpoint_v_6.pth
2025-08-28 14:11:42,621 [INFO] [52] TRAIN  loss: 0.9855432242990654 acc: 0.971484375
2025-08-28 14:11:42,621 [INFO] [52] AVG TRAIN time per sample (sec): 0.10361695512432918 
2025-08-28 14:11:42,622 [INFO] [52] VALIDATION  acc: 0.81875
2025-08-28 14:11:42,622 [INFO] [52] VALIDATION  Top 5 acc: 0.81875
2025-08-28 14:11:42,622 [INFO] 
2025-08-28 14:12:51,508 [INFO] [53] TRAIN  loss: 0.9926744978004527 acc: 0.968359375
2025-08-28 14:12:51,508 [INFO] [53] AVG TRAIN time per sample (sec): 0.10490870252947941 
2025-08-28 14:12:51,508 [INFO] [53] VALIDATION  acc: 0.81875
2025-08-28 14:12:51,508 [INFO] [53] VALIDATION  Top 5 acc: 0.81875
2025-08-28 14:12:51,510 [INFO] 
2025-08-28 14:14:01,030 [INFO] Save checkpoint for [54] as out-checkpoints/WLASL100/checkpoint_v_6.pth
2025-08-28 14:14:01,030 [INFO] [54] TRAIN  loss: 0.9798621774833893 acc: 0.971875
2025-08-28 14:14:01,030 [INFO] [54] AVG TRAIN time per sample (sec): 0.10279706928217522 
2025-08-28 14:14:01,030 [INFO] [54] VALIDATION  acc: 0.825
2025-08-28 14:14:01,030 [INFO] [54] VALIDATION  Top 5 acc: 0.825
2025-08-28 14:14:01,030 [INFO] 
2025-08-28 14:15:11,121 [INFO] [55] TRAIN  loss: 0.976937552478826 acc: 0.971875
2025-08-28 14:15:11,121 [INFO] [55] AVG TRAIN time per sample (sec): 0.10218246183662771 
2025-08-28 14:15:11,126 [INFO] [55] VALIDATION  acc: 0.825
2025-08-28 14:15:11,126 [INFO] [55] VALIDATION  Top 5 acc: 0.825
2025-08-28 14:15:11,126 [INFO] 
2025-08-28 14:16:20,310 [INFO] [56] TRAIN  loss: 0.9701232197128724 acc: 0.97578125
2025-08-28 14:16:20,315 [INFO] [56] AVG TRAIN time per sample (sec): 0.10143759540308302 
2025-08-28 14:16:20,315 [INFO] [56] VALIDATION  acc: 0.81875
2025-08-28 14:16:20,315 [INFO] [56] VALIDATION  Top 5 acc: 0.825
2025-08-28 14:16:20,315 [INFO] 
2025-08-28 14:17:29,311 [INFO] [57] TRAIN  loss: 0.9689270447347765 acc: 0.97265625
2025-08-28 14:17:29,320 [INFO] [57] AVG TRAIN time per sample (sec): 0.1004573429856345 
2025-08-28 14:17:29,320 [INFO] [57] VALIDATION  acc: 0.8234375
2025-08-28 14:17:29,320 [INFO] [57] VALIDATION  Top 5 acc: 0.825
2025-08-28 14:17:29,320 [INFO] 
2025-08-28 14:18:37,770 [INFO] [58] TRAIN  loss: 0.964141061372846 acc: 0.972265625
2025-08-28 14:18:37,770 [INFO] [58] AVG TRAIN time per sample (sec): 0.10207433789689964 
2025-08-28 14:18:37,770 [INFO] [58] VALIDATION  acc: 0.815625
2025-08-28 14:18:37,770 [INFO] [58] VALIDATION  Top 5 acc: 0.825
2025-08-28 14:18:37,770 [INFO] 
2025-08-28 14:19:47,145 [INFO] [59] TRAIN  loss: 0.9688431926976855 acc: 0.971484375
2025-08-28 14:19:47,145 [INFO] [59] AVG TRAIN time per sample (sec): 0.1014376511083585 
2025-08-28 14:19:47,145 [INFO] [59] VALIDATION  acc: 0.8234375
2025-08-28 14:19:47,145 [INFO] [59] VALIDATION  Top 5 acc: 0.825
2025-08-28 14:19:47,145 [INFO] 
2025-08-28 14:20:55,590 [INFO] [60] TRAIN  loss: 0.9647960484584915 acc: 0.975
2025-08-28 14:20:55,590 [INFO] [60] AVG TRAIN time per sample (sec): 0.1003724503739972 
2025-08-28 14:20:55,590 [INFO] [60] VALIDATION  acc: 0.8203125
2025-08-28 14:20:55,590 [INFO] [60] VALIDATION  Top 5 acc: 0.825
2025-08-28 14:20:55,590 [INFO] 
2025-08-28 14:22:05,860 [INFO] [61] TRAIN  loss: 0.9661199979692976 acc: 0.973046875
2025-08-28 14:22:05,860 [INFO] [61] AVG TRAIN time per sample (sec): 0.1055529273559 
2025-08-28 14:22:05,860 [INFO] [61] VALIDATION  acc: 0.821875
2025-08-28 14:22:05,860 [INFO] [61] VALIDATION  Top 5 acc: 0.825
2025-08-28 14:22:05,860 [INFO] 
2025-08-28 14:23:15,220 [INFO] Save checkpoint for [62] as out-checkpoints/WLASL100/checkpoint_v_7.pth
2025-08-28 14:23:15,220 [INFO] [62] TRAIN  loss: 0.9560210326007593 acc: 0.975390625
2025-08-28 14:23:15,220 [INFO] [62] AVG TRAIN time per sample (sec): 0.10302796987729652 
2025-08-28 14:23:15,220 [INFO] [62] VALIDATION  acc: 0.825
2025-08-28 14:23:15,220 [INFO] [62] VALIDATION  Top 5 acc: 0.825
2025-08-28 14:23:15,220 [INFO] 
2025-08-28 14:24:24,745 [INFO] [63] TRAIN  loss: 0.9578962236921363 acc: 0.973046875
2025-08-28 14:24:24,745 [INFO] [63] AVG TRAIN time per sample (sec): 0.1047919286745731 
2025-08-28 14:24:24,745 [INFO] [63] VALIDATION  acc: 0.8109375
2025-08-28 14:24:24,745 [INFO] [63] VALIDATION  Top 5 acc: 0.825
2025-08-28 14:24:24,745 [INFO] 
2025-08-28 14:25:34,127 [INFO] [64] TRAIN  loss: 0.955845485223788 acc: 0.973046875
2025-08-28 14:25:34,130 [INFO] [64] AVG TRAIN time per sample (sec): 0.10234332530297965 
2025-08-28 14:25:34,130 [INFO] [64] VALIDATION  acc: 0.821875
2025-08-28 14:25:34,130 [INFO] [64] VALIDATION  Top 5 acc: 0.825
2025-08-28 14:25:34,130 [INFO] 
2025-08-28 14:26:43,401 [INFO] [65] TRAIN  loss: 0.9536919994889018 acc: 0.9734375
2025-08-28 14:26:43,401 [INFO] [65] AVG TRAIN time per sample (sec): 0.10234324063096091 
2025-08-28 14:26:43,401 [INFO] [65] VALIDATION  acc: 0.825
2025-08-28 14:26:43,401 [INFO] [65] VALIDATION  Top 5 acc: 0.825
2025-08-28 14:26:43,401 [INFO] 
2025-08-28 14:27:52,852 [INFO] [66] TRAIN  loss: 0.9534278227904133 acc: 0.976171875
2025-08-28 14:27:52,852 [INFO] [66] AVG TRAIN time per sample (sec): 0.1030022830606621 
2025-08-28 14:27:52,852 [INFO] [66] VALIDATION  acc: 0.81875
2025-08-28 14:27:52,852 [INFO] [66] VALIDATION  Top 5 acc: 0.825
2025-08-28 14:27:52,852 [INFO] 
2025-08-28 14:29:03,250 [INFO] Save checkpoint for [67] as out-checkpoints/WLASL100/checkpoint_v_7.pth
2025-08-28 14:29:03,250 [INFO] [67] TRAIN  loss: 0.9500976990316515 acc: 0.975390625
2025-08-28 14:29:03,250 [INFO] [67] AVG TRAIN time per sample (sec): 0.10076006550655187 
2025-08-28 14:29:03,250 [INFO] [67] VALIDATION  acc: 0.8328125
2025-08-28 14:29:03,250 [INFO] [67] VALIDATION  Top 5 acc: 0.8328125
2025-08-28 14:29:03,250 [INFO] 
2025-08-28 14:30:14,050 [INFO] [68] TRAIN  loss: 0.9492106214862004 acc: 0.976171875
2025-08-28 14:30:14,050 [INFO] [68] AVG TRAIN time per sample (sec): 0.10493343790000845 
2025-08-28 14:30:14,050 [INFO] [68] VALIDATION  acc: 0.828125
2025-08-28 14:30:14,050 [INFO] [68] VALIDATION  Top 5 acc: 0.8328125
2025-08-28 14:30:14,050 [INFO] 
2025-08-28 14:31:22,290 [INFO] [69] TRAIN  loss: 0.9498288876542421 acc: 0.97578125
2025-08-28 14:31:22,290 [INFO] [69] AVG TRAIN time per sample (sec): 0.10364085491572585 
2025-08-28 14:31:22,290 [INFO] [69] VALIDATION  acc: 0.828125
2025-08-28 14:31:22,290 [INFO] [69] VALIDATION  Top 5 acc: 0.8328125
2025-08-28 14:31:22,290 [INFO] 
2025-08-28 14:32:32,625 [INFO] [70] TRAIN  loss: 0.9454367806978314 acc: 0.97734375
2025-08-28 14:32:32,625 [INFO] [70] AVG TRAIN time per sample (sec): 0.10262065958753924 
2025-08-28 14:32:32,625 [INFO] [70] VALIDATION  acc: 0.8328125
2025-08-28 14:32:32,630 [INFO] [70] VALIDATION  Top 5 acc: 0.8328125
2025-08-28 14:32:32,630 [INFO] 
2025-08-28 14:33:42,420 [INFO] [71] TRAIN  loss: 0.9432683213848934 acc: 0.9765625
2025-08-28 14:33:42,420 [INFO] [71] AVG TRAIN time per sample (sec): 0.10081858946898273 
2025-08-28 14:33:42,420 [INFO] [71] VALIDATION  acc: 0.83125
2025-08-28 14:33:42,420 [INFO] [71] VALIDATION  Top 5 acc: 0.8328125
2025-08-28 14:33:42,420 [INFO] 
2025-08-28 14:34:52,639 [INFO] Save checkpoint for [72] as out-checkpoints/WLASL100/checkpoint_v_8.pth
2025-08-28 14:34:52,639 [INFO] [72] TRAIN  loss: 0.9436701836987077 acc: 0.9765625
2025-08-28 14:34:52,639 [INFO] [72] AVG TRAIN time per sample (sec): 0.10234880001745492 
2025-08-28 14:34:52,639 [INFO] [72] VALIDATION  acc: 0.8234375
2025-08-28 14:34:52,639 [INFO] [72] VALIDATION  Top 5 acc: 0.8234375
2025-08-28 14:34:52,639 [INFO] 
2025-08-28 14:36:02,586 [INFO] Save checkpoint for [73] as out-checkpoints/WLASL100/checkpoint_v_8.pth
2025-08-28 14:36:02,589 [INFO] [73] TRAIN  loss: 0.9417731026622737 acc: 0.978125
2025-08-28 14:36:02,589 [INFO] [73] AVG TRAIN time per sample (sec): 0.10139412523430084 
2025-08-28 14:36:02,589 [INFO] [73] VALIDATION  acc: 0.828125
2025-08-28 14:36:02,589 [INFO] [73] VALIDATION  Top 5 acc: 0.828125
2025-08-28 14:36:02,589 [INFO] 
2025-08-28 14:37:19,059 [INFO] [74] TRAIN  loss: 0.9392689499899606 acc: 0.976171875
2025-08-28 14:37:19,059 [INFO] [74] AVG TRAIN time per sample (sec): 0.11172192118992315 
2025-08-28 14:37:19,059 [INFO] [74] VALIDATION  acc: 0.828125
2025-08-28 14:37:19,059 [INFO] [74] VALIDATION  Top 5 acc: 0.828125
2025-08-28 14:37:19,059 [INFO] 
2025-08-28 14:38:29,131 [INFO] Save checkpoint for [75] as out-checkpoints/WLASL100/checkpoint_v_8.pth
2025-08-28 14:38:29,131 [INFO] [75] TRAIN  loss: 0.9424148274359302 acc: 0.975
2025-08-28 14:38:29,131 [INFO] [75] AVG TRAIN time per sample (sec): 0.10543730325787981 
2025-08-28 14:38:29,131 [INFO] [75] VALIDATION  acc: 0.83125
2025-08-28 14:38:29,131 [INFO] [75] VALIDATION  Top 5 acc: 0.83125
2025-08-28 14:38:29,131 [INFO] 
2025-08-28 14:39:38,279 [INFO] [76] TRAIN  loss: 0.9393830343941661 acc: 0.978515625
2025-08-28 14:39:38,279 [INFO] [76] AVG TRAIN time per sample (sec): 0.10260222336956273 
2025-08-28 14:39:38,279 [INFO] [76] VALIDATION  acc: 0.828125
2025-08-28 14:39:38,279 [INFO] [76] VALIDATION  Top 5 acc: 0.83125
2025-08-28 14:39:38,279 [INFO] 
2025-08-28 14:40:47,693 [INFO] [77] TRAIN  loss: 0.9393032466139749 acc: 0.976953125
2025-08-28 14:40:47,693 [INFO] [77] AVG TRAIN time per sample (sec): 0.10065607267005422 
2025-08-28 14:40:47,693 [INFO] [77] VALIDATION  acc: 0.828125
2025-08-28 14:40:47,693 [INFO] [77] VALIDATION  Top 5 acc: 0.83125
2025-08-28 14:40:47,693 [INFO] 
2025-08-28 14:41:57,009 [INFO] [78] TRAIN  loss: 0.937912842937719 acc: 0.9765625
2025-08-28 14:41:57,009 [INFO] [78] AVG TRAIN time per sample (sec): 0.10300704920403311 
2025-08-28 14:41:57,009 [INFO] [78] VALIDATION  acc: 0.8234375
2025-08-28 14:41:57,009 [INFO] [78] VALIDATION  Top 5 acc: 0.83125
2025-08-28 14:41:57,009 [INFO] 
2025-08-28 14:43:06,119 [INFO] Save checkpoint for [79] as out-checkpoints/WLASL100/checkpoint_v_8.pth
2025-08-28 14:43:06,119 [INFO] [79] TRAIN  loss: 0.9365993749315493 acc: 0.979296875
2025-08-28 14:43:06,119 [INFO] [79] AVG TRAIN time per sample (sec): 0.10459922852917253 
2025-08-28 14:43:06,126 [INFO] [79] VALIDATION  acc: 0.8328125
2025-08-28 14:43:06,126 [INFO] [79] VALIDATION  Top 5 acc: 0.8328125
2025-08-28 14:43:06,126 [INFO] 
2025-08-28 14:44:15,469 [INFO] [80] TRAIN  loss: 0.9342983638014749 acc: 0.97734375
2025-08-28 14:44:15,469 [INFO] [80] AVG TRAIN time per sample (sec): 0.10036139176270673 
2025-08-28 14:44:15,469 [INFO] [80] VALIDATION  acc: 0.8328125
2025-08-28 14:44:15,469 [INFO] [80] VALIDATION  Top 5 acc: 0.8328125
2025-08-28 14:44:15,469 [INFO] 
2025-08-28 14:45:23,891 [INFO] [81] TRAIN  loss: 0.9344090256735543 acc: 0.97890625
2025-08-28 14:45:23,891 [INFO] [81] AVG TRAIN time per sample (sec): 0.10147894654318551 
2025-08-28 14:45:23,891 [INFO] [81] VALIDATION  acc: 0.8328125
2025-08-28 14:45:23,891 [INFO] [81] VALIDATION  Top 5 acc: 0.8328125
2025-08-28 14:45:23,891 [INFO] 
2025-08-28 14:46:33,804 [INFO] Save checkpoint for [82] as out-checkpoints/WLASL100/checkpoint_v_9.pth
2025-08-28 14:46:33,804 [INFO] [82] TRAIN  loss: 0.9341307310300453 acc: 0.97890625
2025-08-28 14:46:33,804 [INFO] [82] AVG TRAIN time per sample (sec): 0.10446383351477508 
2025-08-28 14:46:33,804 [INFO] [82] VALIDATION  acc: 0.83125
2025-08-28 14:46:33,804 [INFO] [82] VALIDATION  Top 5 acc: 0.83125
2025-08-28 14:46:33,804 [INFO] 
2025-08-28 14:47:43,606 [INFO] [83] TRAIN  loss: 0.9312695654753212 acc: 0.979296875
2025-08-28 14:47:43,606 [INFO] [83] AVG TRAIN time per sample (sec): 0.10424922114220735 
2025-08-28 14:47:43,606 [INFO] [83] VALIDATION  acc: 0.8296875
2025-08-28 14:47:43,606 [INFO] [83] VALIDATION  Top 5 acc: 0.83125
2025-08-28 14:47:43,606 [INFO] 
2025-08-28 14:48:53,063 [INFO] Save checkpoint for [84] as out-checkpoints/WLASL100/checkpoint_v_9.pth
2025-08-28 14:48:53,063 [INFO] [84] TRAIN  loss: 0.9291200726945824 acc: 0.97890625
2025-08-28 14:48:53,063 [INFO] [84] AVG TRAIN time per sample (sec): 0.1021839012609464 
2025-08-28 14:48:53,063 [INFO] [84] VALIDATION  acc: 0.8328125
2025-08-28 14:48:53,063 [INFO] [84] VALIDATION  Top 5 acc: 0.8328125
2025-08-28 14:48:53,063 [INFO] 
2025-08-28 14:50:03,739 [INFO] [85] TRAIN  loss: 0.9325449578115873 acc: 0.980078125
2025-08-28 14:50:03,739 [INFO] [85] AVG TRAIN time per sample (sec): 0.10161583445896612 
2025-08-28 14:50:03,739 [INFO] [85] VALIDATION  acc: 0.8265625
2025-08-28 14:50:03,739 [INFO] [85] VALIDATION  Top 5 acc: 0.8328125
2025-08-28 14:50:03,739 [INFO] 
2025-08-28 14:51:13,179 [INFO] [86] TRAIN  loss: 0.9379740920022269 acc: 0.977734375
2025-08-28 14:51:13,179 [INFO] [86] AVG TRAIN time per sample (sec): 0.10060198061934142 
2025-08-28 14:51:13,179 [INFO] [86] VALIDATION  acc: 0.8296875
2025-08-28 14:51:13,179 [INFO] [86] VALIDATION  Top 5 acc: 0.8328125
2025-08-28 14:51:13,179 [INFO] 
2025-08-28 14:52:30,746 [INFO] [87] TRAIN  loss: 0.9330431501442027 acc: 0.977734375
2025-08-28 14:52:30,749 [INFO] [87] AVG TRAIN time per sample (sec): 0.10406047384315562 
2025-08-28 14:52:30,749 [INFO] [87] VALIDATION  acc: 0.83125
2025-08-28 14:52:30,749 [INFO] [87] VALIDATION  Top 5 acc: 0.8328125
2025-08-28 14:52:30,749 [INFO] 
2025-08-28 14:53:40,549 [INFO] Save checkpoint for [88] as out-checkpoints/WLASL100/checkpoint_v_9.pth
2025-08-28 14:53:40,549 [INFO] [88] TRAIN  loss: 0.928184651882849 acc: 0.980859375
2025-08-28 14:53:40,549 [INFO] [88] AVG TRAIN time per sample (sec): 0.10115534345680308 
2025-08-28 14:53:40,549 [INFO] [88] VALIDATION  acc: 0.834375
2025-08-28 14:53:40,549 [INFO] [88] VALIDATION  Top 5 acc: 0.834375
2025-08-28 14:53:40,549 [INFO] 
2025-08-28 14:54:49,859 [INFO] [89] TRAIN  loss: 0.9269891899322795 acc: 0.98046875
2025-08-28 14:54:49,859 [INFO] [89] AVG TRAIN time per sample (sec): 0.10279839952415395 
2025-08-28 14:54:49,859 [INFO] [89] VALIDATION  acc: 0.8328125
2025-08-28 14:54:49,859 [INFO] [89] VALIDATION  Top 5 acc: 0.834375
2025-08-28 14:54:49,859 [INFO] 
2025-08-28 14:55:58,799 [INFO] [90] TRAIN  loss: 0.9270951458226855 acc: 0.97890625
2025-08-28 14:55:58,799 [INFO] [90] AVG TRAIN time per sample (sec): 0.10102624982316917 
2025-08-28 14:55:58,799 [INFO] [90] VALIDATION  acc: 0.834375
2025-08-28 14:55:58,799 [INFO] [90] VALIDATION  Top 5 acc: 0.834375
2025-08-28 14:55:58,799 [INFO] 
2025-08-28 14:57:07,538 [INFO] [91] TRAIN  loss: 0.9279545579001168 acc: 0.97890625
2025-08-28 14:57:07,538 [INFO] [91] AVG TRAIN time per sample (sec): 0.10489113308558955 
2025-08-28 14:57:07,538 [INFO] [91] VALIDATION  acc: 0.828125
2025-08-28 14:57:07,538 [INFO] [91] VALIDATION  Top 5 acc: 0.834375
2025-08-28 14:57:07,538 [INFO] 
2025-08-28 14:58:16,653 [INFO] Save checkpoint for [92] as out-checkpoints/WLASL100/checkpoint_v_10.pth
2025-08-28 14:58:16,653 [INFO] [92] TRAIN  loss: 0.9308188607759564 acc: 0.978515625
2025-08-28 14:58:16,653 [INFO] [92] AVG TRAIN time per sample (sec): 0.1025863028018274 
2025-08-28 14:58:16,653 [INFO] [92] VALIDATION  acc: 0.8328125
2025-08-28 14:58:16,653 [INFO] [92] VALIDATION  Top 5 acc: 0.8328125
2025-08-28 14:58:16,653 [INFO] 
2025-08-28 14:59:26,359 [INFO] [93] TRAIN  loss: 0.9261592258916838 acc: 0.980078125
2025-08-28 14:59:26,359 [INFO] [93] AVG TRAIN time per sample (sec): 0.10407326600261937 
2025-08-28 14:59:26,360 [INFO] [93] VALIDATION  acc: 0.828125
2025-08-28 14:59:26,360 [INFO] [93] VALIDATION  Top 5 acc: 0.8328125
2025-08-28 14:59:26,360 [INFO] 
2025-08-28 15:00:35,768 [INFO] [94] TRAIN  loss: 0.9291972222729264 acc: 0.97890625
2025-08-28 15:00:35,768 [INFO] [94] AVG TRAIN time per sample (sec): 0.10338670739503665 
2025-08-28 15:00:35,768 [INFO] [94] VALIDATION  acc: 0.8328125
2025-08-28 15:00:35,768 [INFO] [94] VALIDATION  Top 5 acc: 0.8328125
2025-08-28 15:00:35,768 [INFO] 
2025-08-28 15:01:45,378 [INFO] [95] TRAIN  loss: 0.9303958215446115 acc: 0.979296875
2025-08-28 15:01:45,378 [INFO] [95] AVG TRAIN time per sample (sec): 0.10407213184321037 
2025-08-28 15:01:45,378 [INFO] [95] VALIDATION  acc: 0.8328125
2025-08-28 15:01:45,378 [INFO] [95] VALIDATION  Top 5 acc: 0.8328125
2025-08-28 15:01:45,378 [INFO] 
2025-08-28 15:02:54,818 [INFO] [96] TRAIN  loss: 0.9284595952969845 acc: 0.980859375
2025-08-28 15:02:54,818 [INFO] [96] AVG TRAIN time per sample (sec): 0.10351653856651805 
2025-08-28 15:02:54,818 [INFO] [96] VALIDATION  acc: 0.83125
2025-08-28 15:02:54,818 [INFO] [96] VALIDATION  Top 5 acc: 0.8328125
2025-08-28 15:02:54,818 [INFO] 
2025-08-28 15:04:06,596 [INFO] [97] TRAIN  loss: 0.927457791622554 acc: 0.981640625
2025-08-28 15:04:06,596 [INFO] [97] AVG TRAIN time per sample (sec): 0.10267883594905104 
2025-08-28 15:04:06,596 [INFO] [97] VALIDATION  acc: 0.8328125
2025-08-28 15:04:06,596 [INFO] [97] VALIDATION  Top 5 acc: 0.8328125
2025-08-28 15:04:06,596 [INFO] 
2025-08-28 15:05:17,428 [INFO] [98] TRAIN  loss: 0.9257085924950715 acc: 0.98125
2025-08-28 15:05:17,428 [INFO] [98] AVG TRAIN time per sample (sec): 0.10449648349084587 
2025-08-28 15:05:17,428 [INFO] [98] VALIDATION  acc: 0.8296875
2025-08-28 15:05:17,428 [INFO] [98] VALIDATION  Top 5 acc: 0.8328125
2025-08-28 15:05:17,428 [INFO] 
2025-08-28 15:06:26,750 [INFO] [99] TRAIN  loss: 0.9278418282482112 acc: 0.9796875
2025-08-28 15:06:26,750 [INFO] [99] AVG TRAIN time per sample (sec): 0.10409818854287406 
2025-08-28 15:06:26,750 [INFO] [99] VALIDATION  acc: 0.8296875
2025-08-28 15:06:26,750 [INFO] [99] VALIDATION  Top 5 acc: 0.8328125
2025-08-28 15:06:26,750 [INFO] 
2025-08-28 15:07:37,918 [INFO] [100] TRAIN  loss: 0.9241151898820824 acc: 0.980859375
2025-08-28 15:07:37,918 [INFO] [100] AVG TRAIN time per sample (sec): 0.1013759452605916 
2025-08-28 15:07:37,918 [INFO] [100] VALIDATION  acc: 0.83125
2025-08-28 15:07:37,918 [INFO] [100] VALIDATION  Top 5 acc: 0.8328125
2025-08-28 15:07:37,918 [INFO] 
2025-08-28 15:07:37,918 [INFO] 
Testing checkpointed models starting...

2025-08-28 15:08:17,988 [INFO] Label accuracies statistics:
2025-08-28 15:08:17,988 [INFO] {0: 0.041666666666666664, 3: 0.0, 6: 0.08333333333333333, 7: 0.0, 8: 0.017857142857142856, 11: 0.041666666666666664, 12: 0.041666666666666664, 13: 0.0, 14: 0.0, 18: 0.0, 19: 0.041666666666666664, 20: 0.0, 23: 0.0, 29: 0.041666666666666664, 30: 0.08333333333333333, 32: 0.0, 43: 0.0, 46: 0.0, 49: 0.020833333333333332, 51: 0.041666666666666664, 56: 0.041666666666666664, 59: 0.041666666666666664, 62: 0.041666666666666664, 63: 0.125, 75: 0.0, 76: 0.0, 83: 0.041666666666666664, 88: 0.0, 91: 0.0, 99: 0.041666666666666664}

2025-08-28 15:08:52,658 [INFO] checkpoint_t_0  ->  0.025
2025-08-28 15:09:32,535 [INFO] Label accuracies statistics:
2025-08-28 15:09:32,535 [INFO] {4: 0.020833333333333332, 5: 0.041666666666666664, 7: 0.0, 9: 0.041666666666666664, 16: 0.0, 17: 0.0, 23: 0.041666666666666664, 38: 0.020833333333333332, 47: 0.0, 50: 0.0, 51: 0.041666666666666664, 57: 0.0, 61: 0.0, 64: 0.08333333333333333, 65: 0.0, 66: 0.0, 68: 0.0, 72: 0.041666666666666664, 74: 0.0, 77: 0.0, 83: 0.0, 84: 0.041666666666666664, 88: 0.041666666666666664, 91: 0.041666666666666664, 93: 0.0, 94: 0.08333333333333333, 97: 0.041666666666666664, 99: 0.041666666666666664}

2025-08-28 15:10:07,938 [INFO] checkpoint_v_0  ->  0.025
2025-08-28 15:10:48,231 [INFO] Label accuracies statistics:
2025-08-28 15:10:48,231 [INFO] {2: 0.5416666666666666, 5: 0.5, 6: 0.8333333333333334, 18: 0.875, 20: 0.75, 21: 0.7916666666666666, 24: 0.7291666666666666, 27: 0.8333333333333334, 36: 0.875, 37: 0.6666666666666666, 47: 0.6875, 48: 0.75, 49: 0.7083333333333334, 53: 0.6458333333333334, 54: 0.6666666666666666, 57: 0.625, 58: 0.75, 69: 0.7916666666666666, 70: 0.625, 73: 0.7916666666666666, 74: 0.7083333333333334, 76: 0.8333333333333334, 79: 0.7083333333333334, 87: 0.7083333333333334, 89: 0.7083333333333334, 93: 0.7916666666666666, 94: 0.4583333333333333, 96: 0.7916666666666666}

2025-08-28 15:11:23,538 [INFO] checkpoint_t_1  ->  0.70875
2025-08-28 15:12:03,485 [INFO] Label accuracies statistics:
2025-08-28 15:12:03,485 [INFO] {1: 0.6666666666666666, 6: 0.75, 10: 0.75, 22: 0.7083333333333334, 28: 0.625, 32: 0.6666666666666666, 33: 0.5833333333333334, 39: 0.7916666666666666, 45: 0.625, 48: 0.7083333333333334, 50: 0.8333333333333334, 51: 0.7291666666666666, 54: 0.8333333333333334, 55: 0.75, 56: 0.5416666666666666, 58: 0.75, 59: 0.75, 60: 0.625, 61: 0.6666666666666666, 63: 0.7083333333333334, 68: 0.7083333333333334, 69: 0.875, 70: 0.6666666666666666, 72: 0.59375, 73: 0.7083333333333334, 74: 0.7083333333333334, 75: 0.7083333333333334, 76: 0.5833333333333334, 85: 0.75, 91: 0.8333333333333334, 93: 0.7083333333333334, 95: 0.7916666666666666}

2025-08-28 15:12:38,035 [INFO] checkpoint_v_1  ->  0.70875
2025-08-28 15:13:17,815 [INFO] Label accuracies statistics:
2025-08-28 15:13:17,815 [INFO] {0: 0.75, 1: 0.7916666666666666, 4: 0.875, 6: 0.875, 8: 0.8333333333333334, 10: 0.875, 12: 0.875, 14: 0.8333333333333334, 16: 0.9166666666666666, 18: 0.75, 22: 0.8333333333333334, 32: 1.0, 34: 0.7916666666666666, 37: 0.7916666666666666, 41: 0.75, 44: 0.625, 46: 0.9166666666666666, 52: 0.7916666666666666, 54: 0.7916666666666666, 68: 0.8541666666666666, 69: 0.875, 71: 0.75, 78: 0.6875, 82: 0.875, 88: 0.7083333333333334, 89: 0.9166666666666666, 90: 0.8333333333333334, 91: 0.8333333333333334, 94: 0.9166666666666666, 99: 0.8333333333333334}

2025-08-28 15:13:52,340 [INFO] checkpoint_t_2  ->  0.82625
2025-08-28 15:14:32,463 [INFO] Label accuracies statistics:
2025-08-28 15:14:32,463 [INFO] {0: 0.9166666666666666, 4: 0.9166666666666666, 7: 1.0, 8: 0.75, 9: 0.8333333333333334, 11: 0.75, 14: 0.7916666666666666, 22: 0.875, 23: 0.8541666666666666, 27: 0.7916666666666666, 32: 0.9166666666666666, 38: 0.6666666666666666, 40: 0.875, 43: 0.9583333333333334, 50: 0.7916666666666666, 51: 0.7916666666666666, 57: 0.7916666666666666, 60: 0.7916666666666666, 63: 0.7083333333333334, 68: 0.9583333333333334, 70: 0.8333333333333334, 72: 0.7916666666666666, 80: 0.8125, 82: 0.9166666666666666, 83: 0.8333333333333334, 89: 0.7916666666666666, 94: 0.6666666666666666, 95: 0.875}

2025-08-28 15:15:07,848 [INFO] checkpoint_v_2  ->  0.82625
2025-08-28 15:15:47,228 [INFO] Label accuracies statistics:
2025-08-28 15:15:47,228 [INFO] {2: 1.0, 5: 0.9166666666666666, 10: 0.75, 13: 0.75, 14: 0.9166666666666666, 15: 0.9166666666666666, 23: 0.7083333333333334, 31: 0.875, 34: 0.8333333333333334, 36: 0.8333333333333334, 37: 0.875, 39: 0.875, 40: 0.9166666666666666, 41: 0.875, 44: 0.7916666666666666, 51: 0.875, 60: 0.8333333333333334, 65: 0.8333333333333334, 69: 0.75, 70: 0.8333333333333334, 78: 0.875, 81: 0.7916666666666666, 82: 0.8333333333333334, 83: 0.9166666666666666, 84: 0.7916666666666666, 85: 1.0, 86: 0.875, 87: 0.8333333333333334, 90: 0.75, 95: 0.9583333333333334}

2025-08-28 15:16:21,090 [INFO] checkpoint_t_3  ->  0.8525
2025-08-28 15:17:00,528 [INFO] Label accuracies statistics:
2025-08-28 15:17:00,528 [INFO] {1: 0.75, 5: 0.7916666666666666, 7: 0.875, 8: 0.875, 9: 0.875, 16: 0.875, 18: 0.9583333333333334, 21: 0.7916666666666666, 22: 0.75, 23: 0.8333333333333334, 25: 0.9166666666666666, 27: 0.75, 28: 0.8333333333333334, 29: 0.875, 31: 0.9166666666666666, 34: 0.8125, 39: 0.8333333333333334, 48: 0.875, 50: 0.75, 52: 0.7916666666666666, 57: 0.9583333333333334, 61: 0.7916666666666666, 63: 0.875, 71: 0.875, 84: 0.9166666666666666, 87: 0.9166666666666666, 90: 0.7916666666666666, 93: 0.9166666666666666, 94: 0.8333333333333334, 98: 0.875}

2025-08-28 15:17:35,563 [INFO] checkpoint_v_3  ->  0.85125
2025-08-28 15:18:14,394 [INFO] Label accuracies statistics:
2025-08-28 15:18:14,394 [INFO] {1: 0.75, 6: 0.9583333333333334, 7: 0.9166666666666666, 8: 0.7916666666666666, 14: 0.875, 16: 0.7916666666666666, 17: 0.875, 19: 0.9166666666666666, 22: 0.7916666666666666, 25: 0.625, 29: 0.875, 35: 1.0, 36: 0.9583333333333334, 39: 0.9583333333333334, 43: 0.9583333333333334, 44: 0.9166666666666666, 47: 0.9583333333333334, 51: 0.7916666666666666, 54: 0.9791666666666666, 55: 0.8333333333333334, 65: 0.8333333333333334, 71: 0.9166666666666666, 76: 0.75, 79: 0.7083333333333334, 80: 0.9166666666666666, 84: 0.8333333333333334, 88: 0.875, 89: 0.8541666666666666, 94: 0.8333333333333334, 95: 0.7916666666666666, 99: 0.875}

2025-08-28 15:18:48,737 [INFO] checkpoint_t_4  ->  0.86
2025-08-28 15:19:28,511 [INFO] Label accuracies statistics:
2025-08-28 15:19:28,511 [INFO] {5: 0.9583333333333334, 8: 0.9583333333333334, 17: 0.875, 22: 0.75, 25: 0.875, 28: 0.9166666666666666, 34: 0.9166666666666666, 36: 0.875, 38: 0.9166666666666666, 39: 0.875, 40: 0.8958333333333334, 41: 0.8333333333333334, 42: 0.7916666666666666, 48: 0.8333333333333334, 50: 0.9583333333333334, 52: 0.8125, 53: 0.875, 57: 0.9375, 60: 0.8333333333333334, 62: 0.9166666666666666, 63: 1.0, 65: 0.9166666666666666, 71: 0.875, 78: 0.8333333333333334, 81: 0.8055555555555556, 87: 0.7083333333333334, 91: 0.8333333333333334, 92: 0.8333333333333334, 96: 0.7916666666666666}

2025-08-28 15:20:02,962 [INFO] checkpoint_v_4  ->  0.86625
2025-08-28 15:20:43,199 [INFO] Label accuracies statistics:
2025-08-28 15:20:43,199 [INFO] {1: 0.8125, 8: 0.8333333333333334, 10: 0.875, 12: 0.875, 23: 0.9166666666666666, 25: 0.875, 29: 0.7916666666666666, 33: 0.9583333333333334, 34: 0.9166666666666666, 45: 0.9166666666666666, 46: 0.75, 49: 0.9166666666666666, 54: 0.875, 57: 0.7916666666666666, 63: 0.9583333333333334, 68: 0.9166666666666666, 71: 1.0, 72: 0.875, 77: 0.875, 79: 0.875, 81: 0.8333333333333334, 83: 0.9027777777777778, 90: 0.875, 92: 0.7916666666666666, 95: 0.7083333333333334, 96: 0.8958333333333334, 97: 0.8333333333333334, 98: 0.8333333333333334}

2025-08-28 15:21:17,587 [INFO] checkpoint_t_5  ->  0.8675
2025-08-28 15:21:57,704 [INFO] Label accuracies statistics:
2025-08-28 15:21:57,704 [INFO] {0: 0.7916666666666666, 1: 0.875, 2: 0.9583333333333334, 3: 0.7916666666666666, 4: 0.8333333333333334, 5: 0.7916666666666666, 9: 0.8958333333333334, 10: 0.7083333333333334, 11: 0.875, 15: 0.7916666666666666, 18: 0.9583333333333334, 24: 0.875, 29: 0.875, 34: 0.875, 38: 0.9166666666666666, 40: 0.9166666666666666, 41: 0.8333333333333334, 45: 0.875, 48: 0.8333333333333334, 52: 0.9583333333333334, 67: 0.875, 71: 0.9166666666666666, 75: 0.9583333333333334, 77: 0.7916666666666666, 78: 0.9166666666666666, 80: 0.8333333333333334, 82: 0.875, 83: 0.9166666666666666, 84: 0.9166666666666666, 94: 0.8333333333333334}

2025-08-28 15:22:31,759 [INFO] checkpoint_v_5  ->  0.87125
2025-08-28 15:23:11,217 [INFO] Label accuracies statistics:
2025-08-28 15:23:11,217 [INFO] {2: 0.8333333333333334, 9: 0.625, 10: 0.875, 14: 0.9583333333333334, 16: 0.8125, 17: 0.875, 19: 0.8541666666666666, 22: 0.7083333333333334, 27: 0.875, 29: 0.8333333333333334, 34: 0.875, 36: 0.7916666666666666, 37: 1.0, 40: 0.9583333333333334, 41: 0.9583333333333334, 44: 0.9166666666666666, 46: 0.875, 51: 0.8125, 56: 0.7083333333333334, 59: 0.9166666666666666, 64: 0.875, 70: 0.9583333333333334, 78: 0.8333333333333334, 79: 0.875, 81: 0.8333333333333334, 89: 0.875, 92: 0.8958333333333334, 96: 0.9166666666666666, 97: 0.9583333333333334}

2025-08-28 15:23:47,403 [INFO] checkpoint_t_6  ->  0.8675
2025-08-28 15:24:28,277 [INFO] Label accuracies statistics:
2025-08-28 15:24:28,277 [INFO] {4: 0.9583333333333334, 7: 0.9791666666666666, 13: 0.9166666666666666, 14: 0.9166666666666666, 24: 0.7916666666666666, 31: 0.75, 36: 0.875, 40: 0.8333333333333334, 42: 0.875, 43: 0.9583333333333334, 45: 0.9166666666666666, 51: 0.9166666666666666, 54: 0.875, 56: 0.6666666666666666, 57: 0.7916666666666666, 59: 0.8333333333333334, 60: 0.8333333333333334, 61: 0.9166666666666666, 62: 0.8333333333333334, 63: 0.875, 64: 0.8571428571428571, 68: 0.875, 69: 0.875, 74: 0.8541666666666666, 76: 0.75, 79: 0.75, 82: 0.8333333333333334, 85: 0.8541666666666666, 91: 0.9583333333333334}

2025-08-28 15:25:01,717 [INFO] checkpoint_v_6  ->  0.8625
2025-08-28 15:25:38,891 [INFO] Label accuracies statistics:
2025-08-28 15:25:38,892 [INFO] {0: 0.9166666666666666, 1: 0.8333333333333334, 11: 0.7916666666666666, 12: 0.875, 13: 0.9166666666666666, 17: 0.875, 19: 0.9166666666666666, 21: 0.9375, 34: 0.8333333333333334, 36: 0.9166666666666666, 41: 0.9583333333333334, 43: 0.7916666666666666, 46: 0.7916666666666666, 49: 0.875, 50: 0.8333333333333334, 51: 0.9166666666666666, 52: 0.9166666666666666, 55: 0.8333333333333334, 60: 0.7916666666666666, 63: 0.9166666666666666, 66: 0.9583333333333334, 68: 1.0, 76: 0.9583333333333334, 78: 0.7916666666666666, 79: 0.875, 80: 0.9166666666666666, 81: 0.75, 83: 0.8958333333333334, 84: 0.8333333333333334, 93: 0.7916666666666666, 97: 0.875, 99: 0.9583333333333334}

2025-08-28 15:26:12,155 [INFO] checkpoint_t_7  ->  0.87875
2025-08-28 15:26:49,957 [INFO] Label accuracies statistics:
2025-08-28 15:26:49,957 [INFO] {4: 0.875, 5: 0.8333333333333334, 7: 0.875, 8: 0.8333333333333334, 9: 0.875, 20: 0.9166666666666666, 22: 0.8333333333333334, 23: 0.8125, 25: 0.7916666666666666, 27: 1.0, 28: 0.8333333333333334, 31: 0.8333333333333334, 32: 0.9583333333333334, 33: 0.75, 35: 0.875, 40: 0.9583333333333334, 42: 0.875, 55: 0.9166666666666666, 61: 0.9166666666666666, 63: 0.8541666666666666, 65: 0.875, 67: 0.7916666666666666, 68: 0.875, 71: 0.9166666666666666, 72: 0.9166666666666666, 80: 0.8333333333333334, 85: 0.75, 94: 0.875, 95: 0.875, 96: 0.9166666666666666, 98: 0.875}

2025-08-28 15:27:23,567 [INFO] checkpoint_v_7  ->  0.8675
2025-08-28 15:28:01,411 [INFO] Label accuracies statistics:
2025-08-28 15:28:01,411 [INFO] {4: 0.875, 5: 0.9166666666666666, 6: 1.0, 13: 0.9166666666666666, 16: 0.9583333333333334, 19: 0.875, 23: 0.8333333333333334, 26: 1.0, 30: 0.7916666666666666, 32: 0.9166666666666666, 33: 0.8333333333333334, 36: 0.875, 37: 0.7916666666666666, 41: 0.9166666666666666, 42: 0.7708333333333334, 43: 0.9166666666666666, 49: 0.9583333333333334, 51: 0.875, 57: 0.9166666666666666, 67: 0.875, 68: 0.7083333333333334, 70: 0.875, 71: 0.875, 73: 0.9166666666666666, 79: 0.875, 80: 0.8333333333333334, 85: 0.9166666666666666, 88: 0.9166666666666666, 95: 0.8333333333333334, 98: 0.875}

2025-08-28 15:28:36,437 [INFO] checkpoint_t_8  ->  0.87875
2025-08-28 15:29:15,767 [INFO] Label accuracies statistics:
2025-08-28 15:29:15,767 [INFO] {0: 0.8333333333333334, 3: 0.7916666666666666, 4: 0.9583333333333334, 8: 0.875, 10: 0.875, 11: 0.875, 14: 1.0, 15: 0.875, 19: 0.875, 21: 0.75, 27: 1.0, 31: 0.875, 33: 1.0, 43: 0.875, 44: 0.9166666666666666, 50: 0.875, 53: 0.8958333333333334, 56: 0.7916666666666666, 60: 0.875, 62: 0.9166666666666666, 65: 0.9166666666666666, 66: 0.9583333333333334, 69: 0.875, 70: 0.7083333333333334, 72: 0.9166666666666666, 75: 0.9166666666666666, 89: 0.875, 93: 0.9166666666666666, 94: 0.8333333333333334, 95: 0.8333333333333334, 97: 0.8333333333333334}

2025-08-28 15:29:50,375 [INFO] checkpoint_v_8  ->  0.87875
2025-08-28 15:30:29,672 [INFO] Label accuracies statistics:
2025-08-28 15:30:29,672 [INFO] {1: 0.875, 3: 0.9166666666666666, 7: 0.8333333333333334, 10: 0.75, 13: 0.8541666666666666, 15: 0.9166666666666666, 23: 0.7916666666666666, 29: 0.9166666666666666, 30: 0.75, 37: 0.75, 38: 0.875, 39: 0.875, 45: 0.8333333333333334, 46: 0.8333333333333334, 47: 0.9166666666666666, 48: 0.8333333333333334, 49: 0.875, 52: 0.9166666666666666, 53: 0.9166666666666666, 59: 0.9583333333333334, 61: 0.8333333333333334, 72: 0.875, 76: 0.9583333333333334, 79: 0.9166666666666666, 84: 0.875, 85: 0.9583333333333334, 86: 1.0, 87: 1.0, 94: 0.9166666666666666, 95: 0.9166666666666666, 96: 0.9583333333333334, 97: 0.7916666666666666}

2025-08-28 15:31:05,194 [INFO] checkpoint_t_9  ->  0.8775
2025-08-28 15:31:43,839 [INFO] Label accuracies statistics:
2025-08-28 15:31:43,839 [INFO] {8: 0.9166666666666666, 10: 0.9166666666666666, 11: 0.7083333333333334, 12: 0.75, 13: 0.9583333333333334, 14: 0.9583333333333334, 16: 0.9583333333333334, 25: 0.875, 27: 0.9583333333333334, 33: 0.9166666666666666, 34: 1.0, 40: 0.8333333333333334, 42: 0.875, 44: 0.9166666666666666, 53: 0.875, 57: 0.875, 59: 0.9166666666666666, 62: 0.9166666666666666, 65: 0.7916666666666666, 66: 0.7916666666666666, 68: 0.875, 70: 0.8333333333333334, 71: 0.9166666666666666, 73: 1.0, 80: 0.8333333333333334, 82: 0.9166666666666666, 84: 0.8333333333333334, 90: 0.875, 92: 0.875, 93: 0.875, 94: 0.75}

2025-08-28 15:32:16,881 [INFO] checkpoint_v_9  ->  0.87875
2025-08-28 15:32:54,537 [INFO] Label accuracies statistics:
2025-08-28 15:32:54,537 [INFO] {0: 1.0, 3: 0.9166666666666666, 4: 0.7916666666666666, 7: 0.875, 9: 0.9166666666666666, 11: 0.8125, 15: 0.9166666666666666, 16: 0.8333333333333334, 21: 0.875, 22: 0.875, 29: 0.9166666666666666, 30: 0.9166666666666666, 34: 0.875, 35: 0.9166666666666666, 36: 0.8333333333333334, 40: 0.9583333333333334, 42: 0.875, 47: 0.8541666666666666, 50: 0.875, 54: 0.9166666666666666, 67: 0.875, 70: 0.875, 71: 0.8333333333333334, 73: 0.9166666666666666, 74: 0.8958333333333334, 77: 0.7916666666666666, 79: 0.8333333333333334, 94: 0.875}

2025-08-28 15:33:27,627 [INFO] checkpoint_t_10  ->  0.87875
2025-08-28 15:34:05,727 [INFO] Label accuracies statistics:
2025-08-28 15:34:05,727 [INFO] {6: 0.9583333333333334, 8: 0.8333333333333334, 10: 0.8333333333333334, 11: 0.9166666666666666, 13: 0.875, 16: 0.875, 18: 0.9583333333333334, 20: 1.0, 23: 0.875, 26: 0.8333333333333334, 33: 0.9166666666666666, 34: 0.7916666666666666, 36: 0.9166666666666666, 37: 0.8333333333333334, 39: 0.8333333333333334, 45: 0.9583333333333334, 48: 0.875, 55: 0.75, 57: 0.9166666666666666, 58: 0.9583333333333334, 65: 0.9166666666666666, 69: 0.875, 72: 0.9583333333333334, 73: 0.8333333333333334, 75: 0.875, 78: 0.8333333333333334, 82: 0.8333333333333334, 85: 0.9583333333333334, 90: 0.8333333333333334, 92: 0.9583333333333334, 93: 0.8333333333333334}

2025-08-28 15:34:40,024 [INFO] checkpoint_v_10  ->  0.88125
2025-08-28 15:34:40,024 [INFO] 
The top result was recorded at 0.88125 testing accuracy. The best checkpoint is WLASL100/checkpoint_v_10.
2025-08-28 15:34:40,463 [INFO] 
Any desired statistics have been plotted.
The experiment is finished.
2025-09-06 07:29:29,547 [INFO] Starting WLASL100...
2025-09-06 07:29:29,547 [INFO] Training using datasets/WLASL100_train_25fps.csv...
2025-09-06 07:30:28,038 [INFO] Save checkpoint for [1] as out-checkpoints/WLASL100/checkpoint_v_0.pth
2025-09-06 07:30:28,038 [INFO] [1] TRAIN  loss: 4.65169460974007 acc: 0.010546875
2025-09-06 07:30:28,038 [INFO] [1] AVG TRAIN time per sample (sec): 0.06776675776900531 
2025-09-06 07:30:28,038 [INFO] [1] VALIDATION  acc: 0.04375
2025-09-06 07:30:28,038 [INFO] [1] VALIDATION  Top 5 acc: 0.04375
2025-09-06 07:30:28,038 [INFO] 
2025-09-06 07:31:26,572 [INFO] Save checkpoint for [2] as out-checkpoints/WLASL100/checkpoint_v_1.pth
2025-09-06 07:31:26,572 [INFO] [2] TRAIN  loss: 4.311635810638142 acc: 0.067578125
2025-09-06 07:31:26,572 [INFO] [2] AVG TRAIN time per sample (sec): 0.06655032166810794 
2025-09-06 07:31:26,572 [INFO] [2] VALIDATION  acc: 0.1515625
2025-09-06 07:31:26,572 [INFO] [2] VALIDATION  Top 5 acc: 0.1515625
2025-09-06 07:31:26,572 [INFO] 
2025-09-06 07:32:25,172 [INFO] Save checkpoint for [3] as out-checkpoints/WLASL100/checkpoint_v_1.pth
2025-09-06 07:32:25,172 [INFO] [3] TRAIN  loss: 3.826048663843458 acc: 0.1984375
2025-09-06 07:32:25,172 [INFO] [3] AVG TRAIN time per sample (sec): 0.0644947947742783 
2025-09-06 07:32:25,172 [INFO] [3] VALIDATION  acc: 0.3203125
2025-09-06 07:32:25,172 [INFO] [3] VALIDATION  Top 5 acc: 0.3203125
2025-09-06 07:32:25,172 [INFO] 
2025-09-06 07:33:24,097 [INFO] Save checkpoint for [4] as out-checkpoints/WLASL100/checkpoint_v_1.pth
2025-09-06 07:33:24,097 [INFO] [4] TRAIN  loss: 3.4919781551182827 acc: 0.31484375
2025-09-06 07:33:24,097 [INFO] [4] AVG TRAIN time per sample (sec): 0.06732908810410544 
2025-09-06 07:33:24,097 [INFO] [4] VALIDATION  acc: 0.3765625
2025-09-06 07:33:24,097 [INFO] [4] VALIDATION  Top 5 acc: 0.3765625
2025-09-06 07:33:24,097 [INFO] 
2025-09-06 07:34:22,620 [INFO] Save checkpoint for [5] as out-checkpoints/WLASL100/checkpoint_v_1.pth
2025-09-06 07:34:22,627 [INFO] [5] TRAIN  loss: 3.206737767870181 acc: 0.424609375
2025-09-06 07:34:22,627 [INFO] [5] AVG TRAIN time per sample (sec): 0.06557076890891958 
2025-09-06 07:34:22,627 [INFO] [5] VALIDATION  acc: 0.4671875
2025-09-06 07:34:22,627 [INFO] [5] VALIDATION  Top 5 acc: 0.4671875
2025-09-06 07:34:22,627 [INFO] 
2025-09-06 07:35:20,898 [INFO] Save checkpoint for [6] as out-checkpoints/WLASL100/checkpoint_v_1.pth
2025-09-06 07:35:20,898 [INFO] [6] TRAIN  loss: 2.9753837228935454 acc: 0.494140625
2025-09-06 07:35:20,898 [INFO] [6] AVG TRAIN time per sample (sec): 0.0656954395436795 
2025-09-06 07:35:20,898 [INFO] [6] VALIDATION  acc: 0.54375
2025-09-06 07:35:20,898 [INFO] [6] VALIDATION  Top 5 acc: 0.54375
2025-09-06 07:35:20,898 [INFO] 
2025-09-06 07:36:19,707 [INFO] Save checkpoint for [7] as out-checkpoints/WLASL100/checkpoint_v_1.pth
2025-09-06 07:36:19,710 [INFO] [7] TRAIN  loss: 2.7556531674393985 acc: 0.5640625
2025-09-06 07:36:19,710 [INFO] [7] AVG TRAIN time per sample (sec): 0.06773076770461608 
2025-09-06 07:36:19,710 [INFO] [7] VALIDATION  acc: 0.5703125
2025-09-06 07:36:19,710 [INFO] [7] VALIDATION  Top 5 acc: 0.5703125
2025-09-06 07:36:19,710 [INFO] 
2025-09-06 07:37:19,447 [INFO] Save checkpoint for [8] as out-checkpoints/WLASL100/checkpoint_v_1.pth
2025-09-06 07:37:19,447 [INFO] [8] TRAIN  loss: 2.5620219863463785 acc: 0.61484375
2025-09-06 07:37:19,447 [INFO] [8] AVG TRAIN time per sample (sec): 0.06746944757265465 
2025-09-06 07:37:19,447 [INFO] [8] VALIDATION  acc: 0.6109375
2025-09-06 07:37:19,447 [INFO] [8] VALIDATION  Top 5 acc: 0.6109375
2025-09-06 07:37:19,447 [INFO] 
2025-09-06 07:38:24,047 [INFO] Save checkpoint for [9] as out-checkpoints/WLASL100/checkpoint_v_1.pth
2025-09-06 07:38:24,047 [INFO] [9] TRAIN  loss: 2.4082387763763142 acc: 0.647265625
2025-09-06 07:38:24,047 [INFO] [9] AVG TRAIN time per sample (sec): 0.07907331992532605 
2025-09-06 07:38:24,047 [INFO] [9] VALIDATION  acc: 0.6328125
2025-09-06 07:38:24,047 [INFO] [9] VALIDATION  Top 5 acc: 0.6328125
2025-09-06 07:38:24,047 [INFO] 
2025-09-06 07:39:27,197 [INFO] Save checkpoint for [10] as out-checkpoints/WLASL100/checkpoint_v_1.pth
2025-09-06 07:39:27,197 [INFO] [10] TRAIN  loss: 2.257144963629892 acc: 0.681640625
2025-09-06 07:39:27,197 [INFO] [10] AVG TRAIN time per sample (sec): 0.07800896813936323 
2025-09-06 07:39:27,197 [INFO] [10] VALIDATION  acc: 0.6625
2025-09-06 07:39:27,197 [INFO] [10] VALIDATION  Top 5 acc: 0.6625
2025-09-06 07:39:27,197 [INFO] 
2025-09-06 07:40:30,200 [INFO] Save checkpoint for [11] as out-checkpoints/WLASL100/checkpoint_v_1.pth
2025-09-06 07:40:30,206 [INFO] [11] TRAIN  loss: 2.1166086642541617 acc: 0.73203125
2025-09-06 07:40:30,206 [INFO] [11] AVG TRAIN time per sample (sec): 0.08016059777446996 
2025-09-06 07:40:30,206 [INFO] [11] VALIDATION  acc: 0.69375
2025-09-06 07:40:30,206 [INFO] [11] VALIDATION  Top 5 acc: 0.69375
2025-09-06 07:40:30,206 [INFO] 
2025-09-06 07:41:34,487 [INFO] Save checkpoint for [12] as out-checkpoints/WLASL100/checkpoint_v_2.pth
2025-09-06 07:41:34,487 [INFO] [12] TRAIN  loss: 2.0025132794246496 acc: 0.7421875
2025-09-06 07:41:34,487 [INFO] [12] AVG TRAIN time per sample (sec): 0.07960175130968895 
2025-09-06 07:41:34,487 [INFO] [12] VALIDATION  acc: 0.715625
2025-09-06 07:41:34,487 [INFO] [12] VALIDATION  Top 5 acc: 0.715625
2025-09-06 07:41:34,487 [INFO] 
2025-09-06 07:42:38,389 [INFO] Save checkpoint for [13] as out-checkpoints/WLASL100/checkpoint_v_2.pth
2025-09-06 07:42:38,389 [INFO] [13] TRAIN  loss: 1.896877110561478 acc: 0.770703125
2025-09-06 07:42:38,389 [INFO] [13] AVG TRAIN time per sample (sec): 0.07765921254024327 
2025-09-06 07:42:38,389 [INFO] [13] VALIDATION  acc: 0.71875
2025-09-06 07:42:38,389 [INFO] [13] VALIDATION  Top 5 acc: 0.71875
2025-09-06 07:42:38,389 [INFO] 
2025-09-06 07:43:42,067 [INFO] Save checkpoint for [14] as out-checkpoints/WLASL100/checkpoint_v_2.pth
2025-09-06 07:43:42,067 [INFO] [14] TRAIN  loss: 1.8037207772798627 acc: 0.787890625
2025-09-06 07:43:42,067 [INFO] [14] AVG TRAIN time per sample (sec): 0.07779782063493104 
2025-09-06 07:43:42,067 [INFO] [14] VALIDATION  acc: 0.7359375
2025-09-06 07:43:42,067 [INFO] [14] VALIDATION  Top 5 acc: 0.7359375
2025-09-06 07:43:42,067 [INFO] 
2025-09-06 07:44:45,004 [INFO] [15] TRAIN  loss: 1.7173909695349008 acc: 0.80546875
2025-09-06 07:44:45,004 [INFO] [15] AVG TRAIN time per sample (sec): 0.07913261484876971 
2025-09-06 07:44:45,004 [INFO] [15] VALIDATION  acc: 0.734375
2025-09-06 07:44:45,004 [INFO] [15] VALIDATION  Top 5 acc: 0.7359375
2025-09-06 07:44:45,004 [INFO] 
2025-09-06 07:45:49,239 [INFO] Save checkpoint for [16] as out-checkpoints/WLASL100/checkpoint_v_2.pth
2025-09-06 07:45:49,239 [INFO] [16] TRAIN  loss: 1.6529659378194363 acc: 0.812890625
2025-09-06 07:45:49,239 [INFO] [16] AVG TRAIN time per sample (sec): 0.07774324060600495 
2025-09-06 07:45:49,239 [INFO] [16] VALIDATION  acc: 0.7671875
2025-09-06 07:45:49,241 [INFO] [16] VALIDATION  Top 5 acc: 0.7671875
2025-09-06 07:45:49,241 [INFO] 
2025-09-06 07:46:52,232 [INFO] [17] TRAIN  loss: 1.5844194643965392 acc: 0.837890625
2025-09-06 07:46:52,232 [INFO] [17] AVG TRAIN time per sample (sec): 0.08015187655653909 
2025-09-06 07:46:52,232 [INFO] [17] VALIDATION  acc: 0.7671875
2025-09-06 07:46:52,232 [INFO] [17] VALIDATION  Top 5 acc: 0.7671875
2025-09-06 07:46:52,232 [INFO] 
2025-09-06 07:47:55,072 [INFO] Save checkpoint for [18] as out-checkpoints/WLASL100/checkpoint_v_2.pth
2025-09-06 07:47:55,072 [INFO] [18] TRAIN  loss: 1.5285002806476344 acc: 0.846875
2025-09-06 07:47:55,072 [INFO] [18] AVG TRAIN time per sample (sec): 0.07885502877636491 
2025-09-06 07:47:55,072 [INFO] [18] VALIDATION  acc: 0.76875
2025-09-06 07:47:55,072 [INFO] [18] VALIDATION  Top 5 acc: 0.76875
2025-09-06 07:47:55,072 [INFO] 
2025-09-06 07:48:57,008 [INFO] [19] TRAIN  loss: 1.4729311934141356 acc: 0.855078125
2025-09-06 07:48:57,008 [INFO] [19] AVG TRAIN time per sample (sec): 0.0785780443209354 
2025-09-06 07:48:57,008 [INFO] [19] VALIDATION  acc: 0.765625
2025-09-06 07:48:57,008 [INFO] [19] VALIDATION  Top 5 acc: 0.76875
2025-09-06 07:48:57,008 [INFO] 
2025-09-06 07:50:00,130 [INFO] Save checkpoint for [20] as out-checkpoints/WLASL100/checkpoint_v_2.pth
2025-09-06 07:50:00,130 [INFO] [20] TRAIN  loss: 1.4189639938211887 acc: 0.87265625
2025-09-06 07:50:00,130 [INFO] [20] AVG TRAIN time per sample (sec): 0.07740581369845667 
2025-09-06 07:50:00,130 [INFO] [20] VALIDATION  acc: 0.7703125
2025-09-06 07:50:00,130 [INFO] [20] VALIDATION  Top 5 acc: 0.7703125
2025-09-06 07:50:00,130 [INFO] 
2025-09-06 07:51:03,759 [INFO] [21] TRAIN  loss: 1.376384414245035 acc: 0.880859375
2025-09-06 07:51:03,759 [INFO] [21] AVG TRAIN time per sample (sec): 0.07683113133795907 
2025-09-06 07:51:03,759 [INFO] [21] VALIDATION  acc: 0.7625
2025-09-06 07:51:03,759 [INFO] [21] VALIDATION  Top 5 acc: 0.7703125
2025-09-06 07:51:03,759 [INFO] 
2025-09-06 07:52:06,682 [INFO] Save checkpoint for [22] as out-checkpoints/WLASL100/checkpoint_v_3.pth
2025-09-06 07:52:06,682 [INFO] [22] TRAIN  loss: 1.3499902743045415 acc: 0.88359375
2025-09-06 07:52:06,682 [INFO] [22] AVG TRAIN time per sample (sec): 0.07677747378839511 
2025-09-06 07:52:06,682 [INFO] [22] VALIDATION  acc: 0.784375
2025-09-06 07:52:06,682 [INFO] [22] VALIDATION  Top 5 acc: 0.784375
2025-09-06 07:52:06,682 [INFO] 
2025-09-06 07:53:10,268 [INFO] Save checkpoint for [23] as out-checkpoints/WLASL100/checkpoint_v_3.pth
2025-09-06 07:53:10,268 [INFO] [23] TRAIN  loss: 1.3136598105742552 acc: 0.8921875
2025-09-06 07:53:10,268 [INFO] [23] AVG TRAIN time per sample (sec): 0.08207951305068542 
2025-09-06 07:53:10,268 [INFO] [23] VALIDATION  acc: 0.7859375
2025-09-06 07:53:10,268 [INFO] [23] VALIDATION  Top 5 acc: 0.7859375
2025-09-06 07:53:10,268 [INFO] 
2025-09-06 07:54:13,321 [INFO] Save checkpoint for [24] as out-checkpoints/WLASL100/checkpoint_v_3.pth
2025-09-06 07:54:13,321 [INFO] [24] TRAIN  loss: 1.2843359831337617 acc: 0.8953125
2025-09-06 07:54:13,321 [INFO] [24] AVG TRAIN time per sample (sec): 0.07891589681678843 
2025-09-06 07:54:13,321 [INFO] [24] VALIDATION  acc: 0.7921875
2025-09-06 07:54:13,321 [INFO] [24] VALIDATION  Top 5 acc: 0.7921875
2025-09-06 07:54:13,321 [INFO] 
2025-09-06 07:55:16,906 [INFO] [25] TRAIN  loss: 1.2538155528986565 acc: 0.905859375
2025-09-06 07:55:16,906 [INFO] [25] AVG TRAIN time per sample (sec): 0.0787723576911142 
2025-09-06 07:55:16,906 [INFO] [25] VALIDATION  acc: 0.784375
2025-09-06 07:55:16,906 [INFO] [25] VALIDATION  Top 5 acc: 0.7921875
2025-09-06 07:55:16,906 [INFO] 
2025-09-06 07:56:20,120 [INFO] [26] TRAIN  loss: 1.2285548415139458 acc: 0.912890625
2025-09-06 07:56:20,120 [INFO] [26] AVG TRAIN time per sample (sec): 0.0781709122880597 
2025-09-06 07:56:20,120 [INFO] [26] VALIDATION  acc: 0.7890625
2025-09-06 07:56:20,120 [INFO] [26] VALIDATION  Top 5 acc: 0.7921875
2025-09-06 07:56:20,120 [INFO] 
2025-09-06 07:57:23,266 [INFO] Save checkpoint for [27] as out-checkpoints/WLASL100/checkpoint_v_3.pth
2025-09-06 07:57:23,266 [INFO] [27] TRAIN  loss: 1.2131966564142815 acc: 0.916015625
2025-09-06 07:57:23,266 [INFO] [27] AVG TRAIN time per sample (sec): 0.07665646410434046 
2025-09-06 07:57:23,266 [INFO] [27] VALIDATION  acc: 0.7953125
2025-09-06 07:57:23,276 [INFO] [27] VALIDATION  Top 5 acc: 0.7953125
2025-09-06 07:57:23,276 [INFO] 
2025-09-06 07:58:27,006 [INFO] Save checkpoint for [28] as out-checkpoints/WLASL100/checkpoint_v_3.pth
2025-09-06 07:58:27,006 [INFO] [28] TRAIN  loss: 1.1883579147196262 acc: 0.922265625
2025-09-06 07:58:27,006 [INFO] [28] AVG TRAIN time per sample (sec): 0.07640480103893815 
2025-09-06 07:58:27,006 [INFO] [28] VALIDATION  acc: 0.8
2025-09-06 07:58:27,006 [INFO] [28] VALIDATION  Top 5 acc: 0.8
2025-09-06 07:58:27,006 [INFO] 
2025-09-06 07:59:30,168 [INFO] Save checkpoint for [29] as out-checkpoints/WLASL100/checkpoint_v_3.pth
2025-09-06 07:59:30,168 [INFO] [29] TRAIN  loss: 1.1672298395745109 acc: 0.924609375
2025-09-06 07:59:30,168 [INFO] [29] AVG TRAIN time per sample (sec): 0.07525271567228799 
2025-09-06 07:59:30,168 [INFO] [29] VALIDATION  acc: 0.81875
2025-09-06 07:59:30,168 [INFO] [29] VALIDATION  Top 5 acc: 0.81875
2025-09-06 07:59:30,168 [INFO] 
2025-09-06 08:00:34,106 [INFO] [30] TRAIN  loss: 1.1449693341121496 acc: 0.934375
2025-09-06 08:00:34,106 [INFO] [30] AVG TRAIN time per sample (sec): 0.07607094595365435 
2025-09-06 08:00:34,106 [INFO] [30] VALIDATION  acc: 0.8109375
2025-09-06 08:00:34,106 [INFO] [30] VALIDATION  Top 5 acc: 0.81875
2025-09-06 08:00:34,106 [INFO] 
2025-09-06 08:01:38,346 [INFO] [31] TRAIN  loss: 1.1291785552122882 acc: 0.9375
2025-09-06 08:01:38,346 [INFO] [31] AVG TRAIN time per sample (sec): 0.08063104665167978 
2025-09-06 08:01:38,346 [INFO] [31] VALIDATION  acc: 0.80625
2025-09-06 08:01:38,346 [INFO] [31] VALIDATION  Top 5 acc: 0.81875
2025-09-06 08:01:38,346 [INFO] 
2025-09-06 08:02:41,389 [INFO] Save checkpoint for [32] as out-checkpoints/WLASL100/checkpoint_v_4.pth
2025-09-06 08:02:41,389 [INFO] [32] TRAIN  loss: 1.124950301981418 acc: 0.93671875
2025-09-06 08:02:41,389 [INFO] [32] AVG TRAIN time per sample (sec): 0.07643908429368634 
2025-09-06 08:02:41,389 [INFO] [32] VALIDATION  acc: 0.80625
2025-09-06 08:02:41,389 [INFO] [32] VALIDATION  Top 5 acc: 0.80625
2025-09-06 08:02:41,389 [INFO] 
2025-09-06 08:03:44,726 [INFO] Save checkpoint for [33] as out-checkpoints/WLASL100/checkpoint_v_4.pth
2025-09-06 08:03:44,726 [INFO] [33] TRAIN  loss: 1.0899008635048555 acc: 0.949609375
2025-09-06 08:03:44,726 [INFO] [33] AVG TRAIN time per sample (sec): 0.07678385761296638 
2025-09-06 08:03:44,726 [INFO] [33] VALIDATION  acc: 0.8203125
2025-09-06 08:03:44,726 [INFO] [33] VALIDATION  Top 5 acc: 0.8203125
2025-09-06 08:03:44,726 [INFO] 
2025-09-06 08:04:47,798 [INFO] [34] TRAIN  loss: 1.1005500722154278 acc: 0.942578125
2025-09-06 08:04:47,798 [INFO] [34] AVG TRAIN time per sample (sec): 0.0778845114128612 
2025-09-06 08:04:47,801 [INFO] [34] VALIDATION  acc: 0.8171875
2025-09-06 08:04:47,801 [INFO] [34] VALIDATION  Top 5 acc: 0.8203125
2025-09-06 08:04:47,801 [INFO] 
2025-09-06 08:05:50,415 [INFO] [35] TRAIN  loss: 1.0800784102110106 acc: 0.948828125
2025-09-06 08:05:50,417 [INFO] [35] AVG TRAIN time per sample (sec): 0.075690060018379 
2025-09-06 08:05:50,417 [INFO] [35] VALIDATION  acc: 0.809375
2025-09-06 08:05:50,417 [INFO] [35] VALIDATION  Top 5 acc: 0.8203125
2025-09-06 08:05:50,417 [INFO] 
2025-09-06 08:06:53,452 [INFO] Save checkpoint for [36] as out-checkpoints/WLASL100/checkpoint_v_4.pth
2025-09-06 08:06:53,452 [INFO] [36] TRAIN  loss: 1.065649656491859 acc: 0.95
2025-09-06 08:06:53,452 [INFO] [36] AVG TRAIN time per sample (sec): 0.07938756229721497 
2025-09-06 08:06:53,452 [INFO] [36] VALIDATION  acc: 0.825
2025-09-06 08:06:53,452 [INFO] [36] VALIDATION  Top 5 acc: 0.825
2025-09-06 08:06:53,454 [INFO] 
2025-09-06 08:07:58,737 [INFO] [37] TRAIN  loss: 1.058442873375438 acc: 0.9515625
2025-09-06 08:07:58,737 [INFO] [37] AVG TRAIN time per sample (sec): 0.07871934186632389 
2025-09-06 08:07:58,737 [INFO] [37] VALIDATION  acc: 0.8125
2025-09-06 08:07:58,737 [INFO] [37] VALIDATION  Top 5 acc: 0.825
2025-09-06 08:07:58,737 [INFO] 
2025-09-06 08:09:02,043 [INFO] [38] TRAIN  loss: 1.0472253817264165 acc: 0.958984375
2025-09-06 08:09:02,043 [INFO] [38] AVG TRAIN time per sample (sec): 0.07649219147512847 
2025-09-06 08:09:02,043 [INFO] [38] VALIDATION  acc: 0.8109375
2025-09-06 08:09:02,043 [INFO] [38] VALIDATION  Top 5 acc: 0.825
2025-09-06 08:09:02,043 [INFO] 
2025-09-06 08:10:06,245 [INFO] Save checkpoint for [39] as out-checkpoints/WLASL100/checkpoint_v_4.pth
2025-09-06 08:10:06,245 [INFO] [39] TRAIN  loss: 1.0429143459997445 acc: 0.95703125
2025-09-06 08:10:06,245 [INFO] [39] AVG TRAIN time per sample (sec): 0.07699069130086453 
2025-09-06 08:10:06,245 [INFO] [39] VALIDATION  acc: 0.8265625
2025-09-06 08:10:06,245 [INFO] [39] VALIDATION  Top 5 acc: 0.8265625
2025-09-06 08:10:06,245 [INFO] 
2025-09-06 08:11:09,125 [INFO] [40] TRAIN  loss: 1.0313421944591488 acc: 0.959765625
2025-09-06 08:11:09,125 [INFO] [40] AVG TRAIN time per sample (sec): 0.07815763437859366 
2025-09-06 08:11:09,125 [INFO] [40] VALIDATION  acc: 0.821875
2025-09-06 08:11:09,125 [INFO] [40] VALIDATION  Top 5 acc: 0.8265625
2025-09-06 08:11:09,125 [INFO] 
2025-09-06 08:12:12,299 [INFO] [41] TRAIN  loss: 1.0300412757374415 acc: 0.959375
2025-09-06 08:12:12,299 [INFO] [41] AVG TRAIN time per sample (sec): 0.07500689274796815 
2025-09-06 08:12:12,299 [INFO] [41] VALIDATION  acc: 0.81875
2025-09-06 08:12:12,299 [INFO] [41] VALIDATION  Top 5 acc: 0.8265625
2025-09-06 08:12:12,299 [INFO] 
2025-09-06 08:13:15,036 [INFO] Save checkpoint for [42] as out-checkpoints/WLASL100/checkpoint_v_5.pth
2025-09-06 08:13:15,036 [INFO] [42] TRAIN  loss: 1.0211548849801038 acc: 0.963671875
2025-09-06 08:13:15,036 [INFO] [42] AVG TRAIN time per sample (sec): 0.07681650536082615 
2025-09-06 08:13:15,036 [INFO] [42] VALIDATION  acc: 0.81875
2025-09-06 08:13:15,036 [INFO] [42] VALIDATION  Top 5 acc: 0.81875
2025-09-06 08:13:15,036 [INFO] 
2025-09-06 08:14:18,515 [INFO] Save checkpoint for [43] as out-checkpoints/WLASL100/checkpoint_v_5.pth
2025-09-06 08:14:18,515 [INFO] [43] TRAIN  loss: 1.018778649446006 acc: 0.9609375
2025-09-06 08:14:18,515 [INFO] [43] AVG TRAIN time per sample (sec): 0.07623410447735653 
2025-09-06 08:14:18,515 [INFO] [43] VALIDATION  acc: 0.8234375
2025-09-06 08:14:18,515 [INFO] [43] VALIDATION  Top 5 acc: 0.8234375
2025-09-06 08:14:18,515 [INFO] 
2025-09-06 08:15:21,135 [INFO] Save checkpoint for [44] as out-checkpoints/WLASL100/checkpoint_v_5.pth
2025-09-06 08:15:21,135 [INFO] [44] TRAIN  loss: 1.0113699369341413 acc: 0.9640625
2025-09-06 08:15:21,135 [INFO] [44] AVG TRAIN time per sample (sec): 0.07784011430829485 
2025-09-06 08:15:21,135 [INFO] [44] VALIDATION  acc: 0.828125
2025-09-06 08:15:21,135 [INFO] [44] VALIDATION  Top 5 acc: 0.828125
2025-09-06 08:15:21,135 [INFO] 
2025-09-06 08:16:25,778 [INFO] [45] TRAIN  loss: 1.0082280524423188 acc: 0.96484375
2025-09-06 08:16:25,778 [INFO] [45] AVG TRAIN time per sample (sec): 0.0785622864126045 
2025-09-06 08:16:25,778 [INFO] [45] VALIDATION  acc: 0.828125
2025-09-06 08:16:25,778 [INFO] [45] VALIDATION  Top 5 acc: 0.828125
2025-09-06 08:16:25,778 [INFO] 
2025-09-06 08:17:29,860 [INFO] Save checkpoint for [46] as out-checkpoints/WLASL100/checkpoint_v_5.pth
2025-09-06 08:17:29,865 [INFO] [46] TRAIN  loss: 1.001012855601088 acc: 0.967578125
2025-09-06 08:17:29,865 [INFO] [46] AVG TRAIN time per sample (sec): 0.07638912111799294 
2025-09-06 08:17:29,865 [INFO] [46] VALIDATION  acc: 0.8296875
2025-09-06 08:17:29,865 [INFO] [46] VALIDATION  Top 5 acc: 0.8296875
2025-09-06 08:17:29,865 [INFO] 
2025-09-06 08:18:34,229 [INFO] Save checkpoint for [47] as out-checkpoints/WLASL100/checkpoint_v_5.pth
2025-09-06 08:18:34,229 [INFO] [47] TRAIN  loss: 0.9943935358635733 acc: 0.9734375
2025-09-06 08:18:34,229 [INFO] [47] AVG TRAIN time per sample (sec): 0.07948588879308968 
2025-09-06 08:18:34,229 [INFO] [47] VALIDATION  acc: 0.8328125
2025-09-06 08:18:34,229 [INFO] [47] VALIDATION  Top 5 acc: 0.8328125
2025-09-06 08:18:34,229 [INFO] 
2025-09-06 08:19:37,449 [INFO] Save checkpoint for [48] as out-checkpoints/WLASL100/checkpoint_v_5.pth
2025-09-06 08:19:37,449 [INFO] [48] TRAIN  loss: 0.9898747952184944 acc: 0.969921875
2025-09-06 08:19:37,449 [INFO] [48] AVG TRAIN time per sample (sec): 0.07519960849084587 
2025-09-06 08:19:37,449 [INFO] [48] VALIDATION  acc: 0.8359375
2025-09-06 08:19:37,449 [INFO] [48] VALIDATION  Top 5 acc: 0.8359375
2025-09-06 08:19:37,449 [INFO] 
2025-09-06 08:20:40,457 [INFO] Save checkpoint for [49] as out-checkpoints/WLASL100/checkpoint_v_5.pth
2025-09-06 08:20:40,458 [INFO] [49] TRAIN  loss: 0.9804538477247007 acc: 0.97109375
2025-09-06 08:20:40,458 [INFO] [49] AVG TRAIN time per sample (sec): 0.0789372542194117 
2025-09-06 08:20:40,458 [INFO] [49] VALIDATION  acc: 0.84375
2025-09-06 08:20:40,458 [INFO] [49] VALIDATION  Top 5 acc: 0.84375
2025-09-06 08:20:40,458 [INFO] 
2025-09-06 08:21:44,625 [INFO] [50] TRAIN  loss: 0.9855456485926548 acc: 0.97109375
2025-09-06 08:21:44,625 [INFO] [50] AVG TRAIN time per sample (sec): 0.07986498101849422 
2025-09-06 08:21:44,625 [INFO] [50] VALIDATION  acc: 0.828125
2025-09-06 08:21:44,625 [INFO] [50] VALIDATION  Top 5 acc: 0.84375
2025-09-06 08:21:44,626 [INFO] 
2025-09-06 08:22:47,717 [INFO] [51] TRAIN  loss: 0.9806007313951154 acc: 0.971484375
2025-09-06 08:22:47,717 [INFO] [51] AVG TRAIN time per sample (sec): 0.0771114870766613 
2025-09-06 08:22:47,717 [INFO] [51] VALIDATION  acc: 0.828125
2025-09-06 08:22:47,717 [INFO] [51] VALIDATION  Top 5 acc: 0.84375
2025-09-06 08:22:47,717 [INFO] 
2025-09-06 08:23:51,335 [INFO] Save checkpoint for [52] as out-checkpoints/WLASL100/checkpoint_v_6.pth
2025-09-06 08:23:51,344 [INFO] [52] TRAIN  loss: 0.9734594042056075 acc: 0.973046875
2025-09-06 08:23:51,344 [INFO] [52] AVG TRAIN time per sample (sec): 0.08019288678035558 
2025-09-06 08:23:51,344 [INFO] [52] VALIDATION  acc: 0.8296875
2025-09-06 08:23:51,344 [INFO] [52] VALIDATION  Top 5 acc: 0.8296875
2025-09-06 08:23:51,344 [INFO] 
2025-09-06 08:24:55,119 [INFO] [53] TRAIN  loss: 0.9724141058520736 acc: 0.974609375
2025-09-06 08:24:55,119 [INFO] [53] AVG TRAIN time per sample (sec): 0.07651494373785 
2025-09-06 08:24:55,119 [INFO] [53] VALIDATION  acc: 0.8265625
2025-09-06 08:24:55,119 [INFO] [53] VALIDATION  Top 5 acc: 0.8296875
2025-09-06 08:24:55,119 [INFO] 
2025-09-06 08:25:59,637 [INFO] Save checkpoint for [54] as out-checkpoints/WLASL100/checkpoint_v_6.pth
2025-09-06 08:25:59,637 [INFO] [54] TRAIN  loss: 0.9714012502509857 acc: 0.97265625
2025-09-06 08:25:59,637 [INFO] [54] AVG TRAIN time per sample (sec): 0.0782419543399989 
2025-09-06 08:25:59,644 [INFO] [54] VALIDATION  acc: 0.8390625
2025-09-06 08:25:59,644 [INFO] [54] VALIDATION  Top 5 acc: 0.8390625
2025-09-06 08:25:59,644 [INFO] 
2025-09-06 08:27:02,994 [INFO] Save checkpoint for [55] as out-checkpoints/WLASL100/checkpoint_v_6.pth
2025-09-06 08:27:02,997 [INFO] [55] TRAIN  loss: 0.9670874337169612 acc: 0.973046875
2025-09-06 08:27:02,997 [INFO] [55] AVG TRAIN time per sample (sec): 0.07792844727774646 
2025-09-06 08:27:02,997 [INFO] [55] VALIDATION  acc: 0.8421875
2025-09-06 08:27:02,997 [INFO] [55] VALIDATION  Top 5 acc: 0.8421875
2025-09-06 08:27:02,997 [INFO] 
2025-09-06 08:28:05,154 [INFO] [56] TRAIN  loss: 0.9607836999625803 acc: 0.97734375
2025-09-06 08:28:05,154 [INFO] [56] AVG TRAIN time per sample (sec): 0.0786288920964036 
2025-09-06 08:28:05,154 [INFO] [56] VALIDATION  acc: 0.83125
2025-09-06 08:28:05,154 [INFO] [56] VALIDATION  Top 5 acc: 0.8421875
2025-09-06 08:28:05,154 [INFO] 
2025-09-06 08:29:07,644 [INFO] [57] TRAIN  loss: 0.9612645657263069 acc: 0.975
2025-09-06 08:29:07,644 [INFO] [57] AVG TRAIN time per sample (sec): 0.07629132716455192 
2025-09-06 08:29:07,644 [INFO] [57] VALIDATION  acc: 0.8328125
2025-09-06 08:29:07,644 [INFO] [57] VALIDATION  Top 5 acc: 0.8421875
2025-09-06 08:29:07,644 [INFO] 
2025-09-06 08:30:10,878 [INFO] [58] TRAIN  loss: 0.9569021207149898 acc: 0.976171875
2025-09-06 08:30:10,878 [INFO] [58] AVG TRAIN time per sample (sec): 0.07644626358959163 
2025-09-06 08:30:10,878 [INFO] [58] VALIDATION  acc: 0.8375
2025-09-06 08:30:10,878 [INFO] [58] VALIDATION  Top 5 acc: 0.8421875
2025-09-06 08:30:10,878 [INFO] 
2025-09-06 08:31:14,254 [INFO] [59] TRAIN  loss: 0.957489798002154 acc: 0.975390625
2025-09-06 08:31:14,254 [INFO] [59] AVG TRAIN time per sample (sec): 0.07625133077674937 
2025-09-06 08:31:14,254 [INFO] [59] VALIDATION  acc: 0.8375
2025-09-06 08:31:14,254 [INFO] [59] VALIDATION  Top 5 acc: 0.8421875
2025-09-06 08:31:14,254 [INFO] 
2025-09-06 08:32:17,442 [INFO] [60] TRAIN  loss: 0.9547135540258105 acc: 0.976953125
2025-09-06 08:32:17,442 [INFO] [60] AVG TRAIN time per sample (sec): 0.07723322984214141 
2025-09-06 08:32:17,442 [INFO] [60] VALIDATION  acc: 0.8390625
2025-09-06 08:32:17,442 [INFO] [60] VALIDATION  Top 5 acc: 0.8421875
2025-09-06 08:32:17,442 [INFO] 
2025-09-06 08:33:20,194 [INFO] [61] TRAIN  loss: 0.9541214559679834 acc: 0.97578125
2025-09-06 08:33:20,194 [INFO] [61] AVG TRAIN time per sample (sec): 0.07752510097539314 
2025-09-06 08:33:20,194 [INFO] [61] VALIDATION  acc: 0.8390625
2025-09-06 08:33:20,194 [INFO] [61] VALIDATION  Top 5 acc: 0.8421875
2025-09-06 08:33:20,194 [INFO] 
2025-09-06 08:34:23,420 [INFO] Save checkpoint for [62] as out-checkpoints/WLASL100/checkpoint_v_7.pth
2025-09-06 08:34:23,420 [INFO] [62] TRAIN  loss: 0.944363389059762 acc: 0.97890625
2025-09-06 08:34:23,420 [INFO] [62] AVG TRAIN time per sample (sec): 0.07523440869055062 
2025-09-06 08:34:23,420 [INFO] [62] VALIDATION  acc: 0.8328125
2025-09-06 08:34:23,420 [INFO] [62] VALIDATION  Top 5 acc: 0.8328125
2025-09-06 08:34:23,420 [INFO] 
2025-09-06 08:35:26,560 [INFO] [63] TRAIN  loss: 0.9482724198671145 acc: 0.9765625
2025-09-06 08:35:26,560 [INFO] [63] AVG TRAIN time per sample (sec): 0.07720007406216915 
2025-09-06 08:35:26,560 [INFO] [63] VALIDATION  acc: 0.8328125
2025-09-06 08:35:26,560 [INFO] [63] VALIDATION  Top 5 acc: 0.8328125
2025-09-06 08:35:26,560 [INFO] 
2025-09-06 08:36:28,960 [INFO] Save checkpoint for [64] as out-checkpoints/WLASL100/checkpoint_v_7.pth
2025-09-06 08:36:28,960 [INFO] [64] TRAIN  loss: 0.9477882741767669 acc: 0.9765625
2025-09-06 08:36:28,960 [INFO] [64] AVG TRAIN time per sample (sec): 0.07454870125957738 
2025-09-06 08:36:28,960 [INFO] [64] VALIDATION  acc: 0.8375
2025-09-06 08:36:28,960 [INFO] [64] VALIDATION  Top 5 acc: 0.8375
2025-09-06 08:36:28,960 [INFO] 
2025-09-06 08:37:31,766 [INFO] [65] TRAIN  loss: 0.9413800818897854 acc: 0.978125
2025-09-06 08:37:31,766 [INFO] [65] AVG TRAIN time per sample (sec): 0.07723750800729912 
2025-09-06 08:37:31,766 [INFO] [65] VALIDATION  acc: 0.834375
2025-09-06 08:37:31,766 [INFO] [65] VALIDATION  Top 5 acc: 0.8375
2025-09-06 08:37:31,766 [INFO] 
2025-09-06 08:38:35,234 [INFO] [66] TRAIN  loss: 0.9403824850777599 acc: 0.98125
2025-09-06 08:38:35,234 [INFO] [66] AVG TRAIN time per sample (sec): 0.07710993178536958 
2025-09-06 08:38:35,234 [INFO] [66] VALIDATION  acc: 0.8359375
2025-09-06 08:38:35,234 [INFO] [66] VALIDATION  Top 5 acc: 0.8375
2025-09-06 08:38:35,234 [INFO] 
2025-09-06 08:39:37,704 [INFO] [67] TRAIN  loss: 0.9359870268919758 acc: 0.9796875
2025-09-06 08:39:37,704 [INFO] [67] AVG TRAIN time per sample (sec): 0.07868456617694035 
2025-09-06 08:39:37,704 [INFO] [67] VALIDATION  acc: 0.834375
2025-09-06 08:39:37,713 [INFO] [67] VALIDATION  Top 5 acc: 0.8375
2025-09-06 08:39:37,713 [INFO] 
2025-09-06 08:40:40,064 [INFO] Save checkpoint for [68] as out-checkpoints/WLASL100/checkpoint_v_7.pth
2025-09-06 08:40:40,064 [INFO] [68] TRAIN  loss: 0.9397088166709259 acc: 0.9765625
2025-09-06 08:40:40,064 [INFO] [68] AVG TRAIN time per sample (sec): 0.07946958497305896 
2025-09-06 08:40:40,064 [INFO] [68] VALIDATION  acc: 0.8390625
2025-09-06 08:40:40,064 [INFO] [68] VALIDATION  Top 5 acc: 0.8390625
2025-09-06 08:40:40,064 [INFO] 
2025-09-06 08:41:43,217 [INFO] [69] TRAIN  loss: 0.9358426388179031 acc: 0.978125
2025-09-06 08:41:43,217 [INFO] [69] AVG TRAIN time per sample (sec): 0.07687037013401495 
2025-09-06 08:41:43,217 [INFO] [69] VALIDATION  acc: 0.8375
2025-09-06 08:41:43,217 [INFO] [69] VALIDATION  Top 5 acc: 0.8390625
2025-09-06 08:41:43,217 [INFO] 
2025-09-06 08:42:45,274 [INFO] Save checkpoint for [70] as out-checkpoints/WLASL100/checkpoint_v_7.pth
2025-09-06 08:42:45,274 [INFO] [70] TRAIN  loss: 0.9319936449282638 acc: 0.979296875
2025-09-06 08:42:45,274 [INFO] [70] AVG TRAIN time per sample (sec): 0.07661032231054574 
2025-09-06 08:42:45,274 [INFO] [70] VALIDATION  acc: 0.840625
2025-09-06 08:42:45,274 [INFO] [70] VALIDATION  Top 5 acc: 0.840625
2025-09-06 08:42:45,274 [INFO] 
2025-09-06 08:43:49,029 [INFO] [71] TRAIN  loss: 0.9343136225905374 acc: 0.978515625
2025-09-06 08:43:49,029 [INFO] [71] AVG TRAIN time per sample (sec): 0.07719804416193027 
2025-09-06 08:43:49,029 [INFO] [71] VALIDATION  acc: 0.834375
2025-09-06 08:43:49,029 [INFO] [71] VALIDATION  Top 5 acc: 0.840625
2025-09-06 08:43:49,029 [INFO] 
2025-09-06 08:44:52,054 [INFO] Save checkpoint for [72] as out-checkpoints/WLASL100/checkpoint_v_8.pth
2025-09-06 08:44:52,054 [INFO] [72] TRAIN  loss: 0.9309756555289865 acc: 0.979296875
2025-09-06 08:44:52,054 [INFO] [72] AVG TRAIN time per sample (sec): 0.07878803538384839 
2025-09-06 08:44:52,054 [INFO] [72] VALIDATION  acc: 0.8390625
2025-09-06 08:44:52,054 [INFO] [72] VALIDATION  Top 5 acc: 0.8390625
2025-09-06 08:44:52,054 [INFO] 
2025-09-06 08:45:55,263 [INFO] Save checkpoint for [73] as out-checkpoints/WLASL100/checkpoint_v_8.pth
2025-09-06 08:45:55,263 [INFO] [73] TRAIN  loss: 0.9282404106354045 acc: 0.982421875
2025-09-06 08:45:55,263 [INFO] [73] AVG TRAIN time per sample (sec): 0.07718875475018938 
2025-09-06 08:45:55,263 [INFO] [73] VALIDATION  acc: 0.840625
2025-09-06 08:45:55,263 [INFO] [73] VALIDATION  Top 5 acc: 0.840625
2025-09-06 08:45:55,263 [INFO] 
2025-09-06 08:46:58,413 [INFO] [74] TRAIN  loss: 0.930439316223715 acc: 0.981640625
2025-09-06 08:46:58,413 [INFO] [74] AVG TRAIN time per sample (sec): 0.07621314592450579 
2025-09-06 08:46:58,413 [INFO] [74] VALIDATION  acc: 0.840625
2025-09-06 08:46:58,413 [INFO] [74] VALIDATION  Top 5 acc: 0.840625
2025-09-06 08:46:58,413 [INFO] 
2025-09-06 08:48:01,511 [INFO] Save checkpoint for [75] as out-checkpoints/WLASL100/checkpoint_v_8.pth
2025-09-06 08:48:01,511 [INFO] [75] TRAIN  loss: 0.9285363170588128 acc: 0.982421875
2025-09-06 08:48:01,511 [INFO] [75] AVG TRAIN time per sample (sec): 0.07932940598960235 
2025-09-06 08:48:01,511 [INFO] [75] VALIDATION  acc: 0.8453125
2025-09-06 08:48:01,511 [INFO] [75] VALIDATION  Top 5 acc: 0.8453125
2025-09-06 08:48:01,511 [INFO] 
2025-09-06 08:49:04,374 [INFO] [76] TRAIN  loss: 0.9264733858197649 acc: 0.979296875
2025-09-06 08:49:04,374 [INFO] [76] AVG TRAIN time per sample (sec): 0.07617238971674553 
2025-09-06 08:49:04,374 [INFO] [76] VALIDATION  acc: 0.8375
2025-09-06 08:49:04,374 [INFO] [76] VALIDATION  Top 5 acc: 0.8453125
2025-09-06 08:49:04,374 [INFO] 
2025-09-06 08:50:08,539 [INFO] [77] TRAIN  loss: 0.9288007789683119 acc: 0.98203125
2025-09-06 08:50:08,539 [INFO] [77] AVG TRAIN time per sample (sec): 0.07774133102916111 
2025-09-06 08:50:08,539 [INFO] [77] VALIDATION  acc: 0.834375
2025-09-06 08:50:08,539 [INFO] [77] VALIDATION  Top 5 acc: 0.8453125
2025-09-06 08:50:08,539 [INFO] 
2025-09-06 08:51:11,806 [INFO] [78] TRAIN  loss: 0.9259764769366968 acc: 0.980859375
2025-09-06 08:51:11,806 [INFO] [78] AVG TRAIN time per sample (sec): 0.07613027875668535 
2025-09-06 08:51:11,806 [INFO] [78] VALIDATION  acc: 0.8375
2025-09-06 08:51:11,806 [INFO] [78] VALIDATION  Top 5 acc: 0.8453125
2025-09-06 08:51:11,806 [INFO] 
2025-09-06 08:52:15,383 [INFO] [79] TRAIN  loss: 0.9253330408969772 acc: 0.978515625
2025-09-06 08:52:15,383 [INFO] [79] AVG TRAIN time per sample (sec): 0.07857957733011692 
2025-09-06 08:52:15,383 [INFO] [79] VALIDATION  acc: 0.8375
2025-09-06 08:52:15,383 [INFO] [79] VALIDATION  Top 5 acc: 0.8453125
2025-09-06 08:52:15,383 [INFO] 
2025-09-06 08:53:17,970 [INFO] [80] TRAIN  loss: 0.920474827846634 acc: 0.982421875
2025-09-06 08:53:17,970 [INFO] [80] AVG TRAIN time per sample (sec): 0.07811372970866266 
2025-09-06 08:53:17,970 [INFO] [80] VALIDATION  acc: 0.8359375
2025-09-06 08:53:17,970 [INFO] [80] VALIDATION  Top 5 acc: 0.8453125
2025-09-06 08:53:17,970 [INFO] 
2025-09-06 08:54:21,308 [INFO] [81] TRAIN  loss: 0.9266957791052132 acc: 0.9796875
2025-09-06 08:54:21,308 [INFO] [81] AVG TRAIN time per sample (sec): 0.07795017233518796 
2025-09-06 08:54:21,310 [INFO] [81] VALIDATION  acc: 0.8390625
2025-09-06 08:54:21,310 [INFO] [81] VALIDATION  Top 5 acc: 0.8453125
2025-09-06 08:54:21,310 [INFO] 
2025-09-06 08:55:24,035 [INFO] Save checkpoint for [82] as out-checkpoints/WLASL100/checkpoint_v_9.pth
2025-09-06 08:55:24,035 [INFO] [82] TRAIN  loss: 0.9229814761152891 acc: 0.979296875
2025-09-06 08:55:24,035 [INFO] [82] AVG TRAIN time per sample (sec): 0.0785829575262337 
2025-09-06 08:55:24,035 [INFO] [82] VALIDATION  acc: 0.840625
2025-09-06 08:55:24,035 [INFO] [82] VALIDATION  Top 5 acc: 0.840625
2025-09-06 08:55:24,035 [INFO] 
2025-09-06 08:56:26,641 [INFO] [83] TRAIN  loss: 0.9209302385276723 acc: 0.983203125
2025-09-06 08:56:26,641 [INFO] [83] AVG TRAIN time per sample (sec): 0.07797216700616284 
2025-09-06 08:56:26,641 [INFO] [83] VALIDATION  acc: 0.840625
2025-09-06 08:56:26,641 [INFO] [83] VALIDATION  Top 5 acc: 0.840625
2025-09-06 08:56:26,641 [INFO] 
2025-09-06 08:57:29,449 [INFO] Save checkpoint for [84] as out-checkpoints/WLASL100/checkpoint_v_9.pth
2025-09-06 08:57:29,451 [INFO] [84] TRAIN  loss: 0.9215152063102365 acc: 0.98203125
2025-09-06 08:57:29,451 [INFO] [84] AVG TRAIN time per sample (sec): 0.07675150176075017 
2025-09-06 08:57:29,451 [INFO] [84] VALIDATION  acc: 0.8421875
2025-09-06 08:57:29,451 [INFO] [84] VALIDATION  Top 5 acc: 0.8421875
2025-09-06 08:57:29,451 [INFO] 
2025-09-06 08:58:32,815 [INFO] [85] TRAIN  loss: 0.9229670729592582 acc: 0.9828125
2025-09-06 08:58:32,815 [INFO] [85] AVG TRAIN time per sample (sec): 0.07976951554556873 
2025-09-06 08:58:32,815 [INFO] [85] VALIDATION  acc: 0.8421875
2025-09-06 08:58:32,815 [INFO] [85] VALIDATION  Top 5 acc: 0.8421875
2025-09-06 08:58:32,815 [INFO] 
2025-09-06 08:59:36,013 [INFO] [86] TRAIN  loss: 0.9200144259729118 acc: 0.98359375
2025-09-06 08:59:36,013 [INFO] [86] AVG TRAIN time per sample (sec): 0.07632784085853078 
2025-09-06 08:59:36,013 [INFO] [86] VALIDATION  acc: 0.8390625
2025-09-06 08:59:36,013 [INFO] [86] VALIDATION  Top 5 acc: 0.8421875
2025-09-06 08:59:36,013 [INFO] 
2025-09-06 09:00:38,896 [INFO] [87] TRAIN  loss: 0.9225491675261025 acc: 0.980859375
2025-09-06 09:00:38,896 [INFO] [87] AVG TRAIN time per sample (sec): 0.07619060311362008 
2025-09-06 09:00:38,896 [INFO] [87] VALIDATION  acc: 0.8375
2025-09-06 09:00:38,896 [INFO] [87] VALIDATION  Top 5 acc: 0.8421875
2025-09-06 09:00:38,896 [INFO] 
2025-09-06 09:01:40,958 [INFO] [88] TRAIN  loss: 0.920319387845904 acc: 0.98359375
2025-09-06 09:01:40,958 [INFO] [88] AVG TRAIN time per sample (sec): 0.07714676634173527 
2025-09-06 09:01:40,958 [INFO] [88] VALIDATION  acc: 0.8375
2025-09-06 09:01:40,958 [INFO] [88] VALIDATION  Top 5 acc: 0.8421875
2025-09-06 09:01:40,958 [INFO] 
2025-09-06 09:02:44,075 [INFO] [89] TRAIN  loss: 0.918037271945276 acc: 0.98125
2025-09-06 09:02:44,079 [INFO] [89] AVG TRAIN time per sample (sec): 0.07800172199712735 
2025-09-06 09:02:44,079 [INFO] [89] VALIDATION  acc: 0.8390625
2025-09-06 09:02:44,079 [INFO] [89] VALIDATION  Top 5 acc: 0.8421875
2025-09-06 09:02:44,079 [INFO] 
2025-09-06 09:03:47,323 [INFO] Save checkpoint for [90] as out-checkpoints/WLASL100/checkpoint_v_9.pth
2025-09-06 09:03:47,323 [INFO] [90] TRAIN  loss: 0.9175760857412748 acc: 0.982421875
2025-09-06 09:03:47,326 [INFO] [90] AVG TRAIN time per sample (sec): 0.08159223003922222 
2025-09-06 09:03:47,326 [INFO] [90] VALIDATION  acc: 0.84375
2025-09-06 09:03:47,326 [INFO] [90] VALIDATION  Top 5 acc: 0.84375
2025-09-06 09:03:47,326 [INFO] 
2025-09-06 09:04:50,443 [INFO] [91] TRAIN  loss: 0.9158847844489267 acc: 0.9828125
2025-09-06 09:04:50,443 [INFO] [91] AVG TRAIN time per sample (sec): 0.08024650199391017 
2025-09-06 09:04:50,443 [INFO] [91] VALIDATION  acc: 0.8390625
2025-09-06 09:04:50,443 [INFO] [91] VALIDATION  Top 5 acc: 0.84375
2025-09-06 09:04:50,443 [INFO] 
2025-09-06 09:05:54,255 [INFO] Save checkpoint for [92] as out-checkpoints/WLASL100/checkpoint_v_10.pth
2025-09-06 09:05:54,255 [INFO] [92] TRAIN  loss: 0.9194313833646686 acc: 0.98046875
2025-09-06 09:05:54,255 [INFO] [92] AVG TRAIN time per sample (sec): 0.07958666632108599 
2025-09-06 09:05:54,255 [INFO] [92] VALIDATION  acc: 0.8375
2025-09-06 09:05:54,255 [INFO] [92] VALIDATION  Top 5 acc: 0.8375
2025-09-06 09:05:54,255 [INFO] 
2025-09-06 09:06:58,203 [INFO] Save checkpoint for [93] as out-checkpoints/WLASL100/checkpoint_v_10.pth
2025-09-06 09:06:58,203 [INFO] [93] TRAIN  loss: 0.9165066157545999 acc: 0.982421875
2025-09-06 09:06:58,203 [INFO] [93] AVG TRAIN time per sample (sec): 0.08326821238081032 
2025-09-06 09:06:58,203 [INFO] [93] VALIDATION  acc: 0.840625
2025-09-06 09:06:58,203 [INFO] [93] VALIDATION  Top 5 acc: 0.840625
2025-09-06 09:06:58,203 [INFO] 
2025-09-06 09:08:03,335 [INFO] Save checkpoint for [94] as out-checkpoints/WLASL100/checkpoint_v_10.pth
2025-09-06 09:08:03,335 [INFO] [94] TRAIN  loss: 0.918028644312208 acc: 0.983984375
2025-09-06 09:08:03,335 [INFO] [94] AVG TRAIN time per sample (sec): 0.07802196083781875 
2025-09-06 09:08:03,335 [INFO] [94] VALIDATION  acc: 0.8421875
2025-09-06 09:08:03,335 [INFO] [94] VALIDATION  Top 5 acc: 0.8421875
2025-09-06 09:08:03,335 [INFO] 
2025-09-06 09:09:06,127 [INFO] [95] TRAIN  loss: 0.918952799289026 acc: 0.98359375
2025-09-06 09:09:06,127 [INFO] [95] AVG TRAIN time per sample (sec): 0.07924445321626752 
2025-09-06 09:09:06,127 [INFO] [95] VALIDATION  acc: 0.8375
2025-09-06 09:09:06,127 [INFO] [95] VALIDATION  Top 5 acc: 0.8421875
2025-09-06 09:09:06,127 [INFO] 
2025-09-06 09:10:09,853 [INFO] [96] TRAIN  loss: 0.9155403921537311 acc: 0.98203125
2025-09-06 09:10:09,853 [INFO] [96] AVG TRAIN time per sample (sec): 0.07577433318735283 
2025-09-06 09:10:09,853 [INFO] [96] VALIDATION  acc: 0.8390625
2025-09-06 09:10:09,853 [INFO] [96] VALIDATION  Top 5 acc: 0.8421875
2025-09-06 09:10:09,853 [INFO] 
2025-09-06 09:11:12,935 [INFO] [97] TRAIN  loss: 0.9173219627309068 acc: 0.980859375
2025-09-06 09:11:12,935 [INFO] [97] AVG TRAIN time per sample (sec): 0.07763016780960226 
2025-09-06 09:11:12,935 [INFO] [97] VALIDATION  acc: 0.840625
2025-09-06 09:11:12,935 [INFO] [97] VALIDATION  Top 5 acc: 0.8421875
2025-09-06 09:11:12,935 [INFO] 
2025-09-06 09:12:15,825 [INFO] [98] TRAIN  loss: 0.9165139599381206 acc: 0.98359375
2025-09-06 09:12:15,825 [INFO] [98] AVG TRAIN time per sample (sec): 0.07732476920725029 
2025-09-06 09:12:15,825 [INFO] [98] VALIDATION  acc: 0.8421875
2025-09-06 09:12:15,825 [INFO] [98] VALIDATION  Top 5 acc: 0.8421875
2025-09-06 09:12:15,825 [INFO] 
2025-09-06 09:13:18,482 [INFO] [99] TRAIN  loss: 0.9171888404917494 acc: 0.982421875
2025-09-06 09:13:18,482 [INFO] [99] AVG TRAIN time per sample (sec): 0.07817056468714063 
2025-09-06 09:13:18,482 [INFO] [99] VALIDATION  acc: 0.8421875
2025-09-06 09:13:18,482 [INFO] [99] VALIDATION  Top 5 acc: 0.8421875
2025-09-06 09:13:18,482 [INFO] 
2025-09-06 09:14:21,972 [INFO] [100] TRAIN  loss: 0.9173246009327541 acc: 0.982421875
2025-09-06 09:14:21,972 [INFO] [100] AVG TRAIN time per sample (sec): 0.07743119079375936 
2025-09-06 09:14:21,972 [INFO] [100] VALIDATION  acc: 0.840625
2025-09-06 09:14:21,972 [INFO] [100] VALIDATION  Top 5 acc: 0.8421875
2025-09-06 09:14:21,972 [INFO] 
2025-09-06 09:14:21,972 [INFO] 
Testing checkpointed models starting...

2025-09-06 09:14:54,482 [INFO] Label accuracies statistics:
2025-09-06 09:14:54,482 [INFO] {0: 0.041666666666666664, 3: 0.08333333333333333, 6: 0.041666666666666664, 7: 0.125, 8: 0.05357142857142857, 11: 0.041666666666666664, 12: 0.0, 13: 0.0, 14: 0.0, 18: 0.0, 19: 0.08333333333333333, 20: 0.0, 23: 0.08333333333333333, 29: 0.125, 30: 0.041666666666666664, 32: 0.0, 43: 0.041666666666666664, 46: 0.0, 49: 0.020833333333333332, 51: 0.041666666666666664, 56: 0.125, 59: 0.041666666666666664, 62: 0.041666666666666664, 63: 0.08333333333333333, 75: 0.0, 76: 0.0, 83: 0.0, 88: 0.0, 91: 0.08333333333333333, 99: 0.041666666666666664}

2025-09-06 09:15:24,224 [INFO] checkpoint_t_0  ->  0.04
2025-09-06 09:15:55,832 [INFO] Label accuracies statistics:
2025-09-06 09:15:55,832 [INFO] {4: 0.020833333333333332, 5: 0.041666666666666664, 7: 0.0, 9: 0.10416666666666667, 16: 0.041666666666666664, 17: 0.08333333333333333, 23: 0.041666666666666664, 38: 0.0625, 47: 0.041666666666666664, 50: 0.041666666666666664, 51: 0.041666666666666664, 57: 0.0, 61: 0.041666666666666664, 64: 0.0, 65: 0.08333333333333333, 66: 0.0, 68: 0.041666666666666664, 72: 0.0625, 74: 0.0, 77: 0.0, 83: 0.0, 84: 0.0, 88: 0.0, 91: 0.041666666666666664, 93: 0.0, 94: 0.125, 97: 0.041666666666666664, 99: 0.041666666666666664}

2025-09-06 09:16:24,756 [INFO] checkpoint_v_0  ->  0.04
2025-09-06 09:16:56,946 [INFO] Label accuracies statistics:
2025-09-06 09:16:56,947 [INFO] {2: 0.6666666666666666, 5: 0.5, 6: 0.75, 18: 0.75, 20: 0.8333333333333334, 21: 0.6666666666666666, 24: 0.7291666666666666, 27: 0.875, 36: 0.7083333333333334, 37: 0.75, 47: 0.6458333333333334, 48: 0.75, 49: 0.7916666666666666, 53: 0.6666666666666666, 54: 0.7708333333333334, 57: 0.5833333333333334, 58: 0.6666666666666666, 69: 0.625, 70: 0.75, 73: 0.7916666666666666, 74: 0.5833333333333334, 76: 0.875, 79: 0.75, 87: 0.7916666666666666, 89: 0.6458333333333334, 93: 0.7083333333333334, 94: 0.5, 96: 0.625}

2025-09-06 09:17:25,932 [INFO] checkpoint_t_1  ->  0.70375
2025-09-06 09:17:59,262 [INFO] Label accuracies statistics:
2025-09-06 09:17:59,262 [INFO] {1: 0.6666666666666666, 6: 0.6666666666666666, 10: 0.7916666666666666, 22: 0.6666666666666666, 28: 0.5833333333333334, 32: 0.625, 33: 0.5416666666666666, 39: 0.75, 45: 0.75, 48: 0.7083333333333334, 50: 0.7916666666666666, 51: 0.6458333333333334, 54: 0.8333333333333334, 55: 0.7916666666666666, 56: 0.6666666666666666, 58: 0.75, 59: 0.75, 60: 0.625, 61: 0.625, 63: 0.7916666666666666, 68: 0.7083333333333334, 69: 0.7916666666666666, 70: 0.625, 72: 0.65625, 73: 0.7083333333333334, 74: 0.7083333333333334, 75: 0.7083333333333334, 76: 0.625, 85: 0.5833333333333334, 91: 0.8333333333333334, 93: 0.8333333333333334, 95: 0.8333333333333334}

2025-09-06 09:18:28,573 [INFO] checkpoint_v_1  ->  0.705
2025-09-06 09:19:00,182 [INFO] Label accuracies statistics:
2025-09-06 09:19:00,182 [INFO] {0: 0.8333333333333334, 1: 0.75, 4: 0.9166666666666666, 6: 0.875, 8: 0.875, 10: 0.8333333333333334, 12: 0.7916666666666666, 14: 0.7916666666666666, 16: 0.9166666666666666, 18: 0.5833333333333334, 22: 0.7916666666666666, 32: 0.9166666666666666, 34: 0.8333333333333334, 37: 0.7083333333333334, 41: 0.6666666666666666, 44: 0.875, 46: 0.8333333333333334, 52: 0.75, 54: 0.8333333333333334, 68: 0.875, 69: 0.9166666666666666, 71: 0.6666666666666666, 78: 0.6041666666666666, 82: 0.875, 88: 0.75, 89: 0.8333333333333334, 90: 0.75, 91: 0.8333333333333334, 94: 0.7916666666666666, 99: 0.75}

2025-09-06 09:19:29,124 [INFO] checkpoint_t_2  ->  0.7975
2025-09-06 09:20:01,878 [INFO] Label accuracies statistics:
2025-09-06 09:20:01,878 [INFO] {0: 0.7916666666666666, 4: 0.9583333333333334, 7: 0.9166666666666666, 8: 0.7708333333333334, 9: 0.8333333333333334, 11: 0.75, 14: 0.875, 22: 0.875, 23: 0.8125, 27: 0.7083333333333334, 32: 0.8333333333333334, 38: 0.5833333333333334, 40: 1.0, 43: 0.9166666666666666, 50: 0.8333333333333334, 51: 0.7916666666666666, 57: 0.7708333333333334, 60: 0.75, 63: 0.7083333333333334, 68: 0.8333333333333334, 70: 0.8194444444444444, 72: 0.7916666666666666, 80: 0.7291666666666666, 82: 0.9166666666666666, 83: 0.8333333333333334, 89: 0.6666666666666666, 94: 0.5833333333333334, 95: 0.7916666666666666}

2025-09-06 09:20:31,535 [INFO] checkpoint_v_2  ->  0.795
2025-09-06 09:21:03,712 [INFO] Label accuracies statistics:
2025-09-06 09:21:03,712 [INFO] {2: 1.0, 5: 0.9166666666666666, 10: 0.6666666666666666, 13: 0.8333333333333334, 14: 0.8958333333333334, 15: 0.75, 23: 0.7083333333333334, 31: 0.7916666666666666, 34: 0.7708333333333334, 36: 0.75, 37: 0.875, 39: 0.8333333333333334, 40: 0.75, 41: 0.9166666666666666, 44: 0.8333333333333334, 51: 0.8333333333333334, 60: 0.875, 65: 0.7916666666666666, 69: 0.7916666666666666, 70: 0.75, 78: 0.8333333333333334, 81: 0.7916666666666666, 82: 0.75, 83: 0.875, 84: 0.7916666666666666, 85: 1.0, 86: 0.875, 87: 0.8333333333333334, 90: 0.7916666666666666, 95: 0.9583333333333334}

2025-09-06 09:21:32,708 [INFO] checkpoint_t_3  ->  0.82375
2025-09-06 09:22:04,644 [INFO] Label accuracies statistics:
2025-09-06 09:22:04,644 [INFO] {1: 0.7083333333333334, 5: 0.7083333333333334, 7: 0.875, 8: 0.8333333333333334, 9: 0.8958333333333334, 16: 0.8333333333333334, 18: 0.9166666666666666, 21: 0.7916666666666666, 22: 0.75, 23: 0.7916666666666666, 25: 0.875, 27: 0.75, 28: 0.9166666666666666, 29: 0.8333333333333334, 31: 0.9166666666666666, 34: 0.7916666666666666, 39: 0.7083333333333334, 48: 0.8333333333333334, 50: 0.75, 52: 0.75, 57: 0.875, 61: 0.75, 63: 0.875, 71: 0.875, 84: 0.9166666666666666, 87: 0.9166666666666666, 90: 0.7916666666666666, 93: 0.8333333333333334, 94: 0.7083333333333334, 98: 0.8333333333333334}

2025-09-06 09:22:33,828 [INFO] checkpoint_v_3  ->  0.82375
2025-09-06 09:23:08,702 [INFO] Label accuracies statistics:
2025-09-06 09:23:08,702 [INFO] {1: 0.7916666666666666, 6: 0.875, 7: 0.9166666666666666, 8: 0.7916666666666666, 14: 0.8333333333333334, 16: 0.7916666666666666, 17: 0.9166666666666666, 19: 0.9166666666666666, 22: 0.7916666666666666, 25: 0.625, 29: 0.875, 35: 0.625, 36: 0.875, 39: 0.9166666666666666, 43: 0.9583333333333334, 44: 0.9166666666666666, 47: 0.875, 51: 0.7083333333333334, 54: 0.8958333333333334, 55: 0.8333333333333334, 65: 0.7916666666666666, 71: 0.8333333333333334, 76: 0.75, 79: 0.7083333333333334, 80: 0.875, 84: 0.9166666666666666, 88: 0.9166666666666666, 89: 0.8125, 94: 0.875, 95: 0.6666666666666666, 99: 0.7916666666666666}

2025-09-06 09:23:37,902 [INFO] checkpoint_t_4  ->  0.8325
2025-09-06 09:24:09,782 [INFO] Label accuracies statistics:
2025-09-06 09:24:09,782 [INFO] {5: 0.9583333333333334, 8: 0.8333333333333334, 17: 0.875, 22: 0.7083333333333334, 25: 0.7916666666666666, 28: 0.875, 34: 0.875, 36: 0.8333333333333334, 38: 0.875, 39: 0.8333333333333334, 40: 0.8541666666666666, 41: 0.8333333333333334, 42: 0.7916666666666666, 48: 0.6666666666666666, 50: 0.9166666666666666, 52: 0.7916666666666666, 53: 0.9166666666666666, 57: 0.9166666666666666, 60: 0.7083333333333334, 62: 0.8333333333333334, 63: 1.0, 65: 0.875, 71: 0.7916666666666666, 78: 0.8333333333333334, 81: 0.8333333333333334, 87: 0.6666666666666666, 91: 0.8333333333333334, 92: 0.8333333333333334, 96: 0.7916666666666666}

2025-09-06 09:24:39,411 [INFO] checkpoint_v_4  ->  0.83375
2025-09-06 09:25:10,842 [INFO] Label accuracies statistics:
2025-09-06 09:25:10,842 [INFO] {1: 0.7916666666666666, 8: 0.8333333333333334, 10: 0.8125, 12: 0.8333333333333334, 23: 0.8333333333333334, 25: 0.875, 29: 0.8333333333333334, 33: 0.9583333333333334, 34: 0.9166666666666666, 45: 0.9166666666666666, 46: 0.75, 49: 0.8333333333333334, 54: 0.7916666666666666, 57: 0.7916666666666666, 63: 1.0, 68: 0.9166666666666666, 71: 0.9583333333333334, 72: 0.75, 77: 0.8333333333333334, 79: 0.8333333333333334, 81: 0.9166666666666666, 83: 0.8611111111111112, 90: 0.875, 92: 0.75, 95: 0.6666666666666666, 96: 0.9375, 97: 0.8541666666666666, 98: 0.8333333333333334}

2025-09-06 09:25:40,763 [INFO] checkpoint_t_5  ->  0.85
2025-09-06 09:26:13,788 [INFO] Label accuracies statistics:
2025-09-06 09:26:13,788 [INFO] {0: 0.7083333333333334, 1: 0.8333333333333334, 2: 0.9166666666666666, 3: 0.75, 4: 0.7916666666666666, 5: 0.9166666666666666, 9: 0.8333333333333334, 10: 0.7083333333333334, 11: 0.8333333333333334, 15: 0.9166666666666666, 18: 0.9166666666666666, 24: 0.9166666666666666, 29: 0.625, 34: 0.8333333333333334, 38: 0.875, 40: 0.9166666666666666, 41: 0.75, 45: 0.875, 48: 0.8333333333333334, 52: 0.9583333333333334, 67: 0.875, 71: 0.875, 75: 0.875, 77: 0.8333333333333334, 78: 0.9166666666666666, 80: 0.9166666666666666, 82: 0.7083333333333334, 83: 0.9583333333333334, 84: 0.8541666666666666, 94: 0.7916666666666666}

2025-09-06 09:26:43,031 [INFO] checkpoint_v_5  ->  0.84625
2025-09-06 09:27:16,125 [INFO] Label accuracies statistics:
2025-09-06 09:27:16,125 [INFO] {2: 0.9166666666666666, 9: 0.625, 10: 0.8333333333333334, 14: 0.9166666666666666, 16: 0.8333333333333334, 17: 0.7916666666666666, 19: 0.875, 22: 0.75, 27: 0.875, 29: 0.8333333333333334, 34: 0.875, 36: 0.8333333333333334, 37: 0.9583333333333334, 40: 0.9583333333333334, 41: 0.9166666666666666, 44: 0.75, 46: 0.8541666666666666, 51: 0.7291666666666666, 56: 0.75, 59: 0.9166666666666666, 64: 0.8333333333333334, 70: 0.9583333333333334, 78: 0.8333333333333334, 79: 0.875, 81: 0.7083333333333334, 89: 0.7916666666666666, 92: 0.9166666666666666, 96: 0.875, 97: 0.9166666666666666}

2025-09-06 09:27:45,952 [INFO] checkpoint_t_6  ->  0.84875
2025-09-06 09:28:18,443 [INFO] Label accuracies statistics:
2025-09-06 09:28:18,443 [INFO] {4: 0.9166666666666666, 7: 0.9375, 13: 0.9166666666666666, 14: 0.9166666666666666, 24: 0.7916666666666666, 31: 0.7916666666666666, 36: 0.8333333333333334, 40: 0.7916666666666666, 42: 0.75, 43: 0.875, 45: 0.875, 51: 0.8333333333333334, 54: 0.875, 56: 0.6666666666666666, 57: 0.8333333333333334, 59: 0.8333333333333334, 60: 0.8333333333333334, 61: 0.9166666666666666, 62: 0.8333333333333334, 63: 0.7916666666666666, 64: 0.8392857142857143, 68: 0.875, 69: 0.8333333333333334, 74: 0.9166666666666666, 76: 0.8333333333333334, 79: 0.75, 82: 0.6666666666666666, 85: 0.8541666666666666, 91: 0.9583333333333334}

2025-09-06 09:28:46,425 [INFO] checkpoint_v_6  ->  0.845
2025-09-06 09:29:16,797 [INFO] Label accuracies statistics:
2025-09-06 09:29:16,797 [INFO] {0: 0.9166666666666666, 1: 0.8333333333333334, 11: 0.8333333333333334, 12: 0.875, 13: 0.875, 17: 0.8333333333333334, 19: 0.9166666666666666, 21: 0.9166666666666666, 34: 0.75, 36: 0.875, 41: 0.8333333333333334, 43: 0.7083333333333334, 46: 0.7916666666666666, 49: 0.7916666666666666, 50: 0.7083333333333334, 51: 0.875, 52: 0.9166666666666666, 55: 0.75, 60: 0.875, 63: 0.9166666666666666, 66: 0.9166666666666666, 68: 0.8333333333333334, 76: 0.875, 78: 0.8333333333333334, 79: 0.75, 80: 0.9583333333333334, 81: 0.6666666666666666, 83: 0.8541666666666666, 84: 0.875, 93: 0.7916666666666666, 97: 0.875, 99: 0.9583333333333334}

2025-09-06 09:29:44,548 [INFO] checkpoint_t_7  ->  0.845
2025-09-06 09:30:15,143 [INFO] Label accuracies statistics:
2025-09-06 09:30:15,143 [INFO] {4: 0.7083333333333334, 5: 0.8333333333333334, 7: 0.8333333333333334, 8: 0.75, 9: 0.875, 20: 0.875, 22: 0.875, 23: 0.8541666666666666, 25: 0.75, 27: 1.0, 28: 0.8333333333333334, 31: 0.75, 32: 0.9166666666666666, 33: 0.7083333333333334, 35: 0.8333333333333334, 40: 0.9166666666666666, 42: 0.9166666666666666, 55: 0.875, 61: 0.7916666666666666, 63: 0.875, 65: 0.875, 67: 0.8333333333333334, 68: 0.8333333333333334, 71: 0.9166666666666666, 72: 0.9166666666666666, 80: 0.7916666666666666, 85: 0.75, 94: 0.875, 95: 0.8333333333333334, 96: 0.875, 98: 0.9166666666666666}

2025-09-06 09:30:42,769 [INFO] checkpoint_v_7  ->  0.84625
2025-09-06 09:31:13,437 [INFO] Label accuracies statistics:
2025-09-06 09:31:13,437 [INFO] {4: 0.9166666666666666, 5: 0.8333333333333334, 6: 1.0, 13: 0.9583333333333334, 16: 0.875, 19: 0.7916666666666666, 23: 0.8333333333333334, 26: 1.0, 30: 0.75, 32: 0.8333333333333334, 33: 0.8333333333333334, 36: 0.875, 37: 0.8333333333333334, 41: 0.8958333333333334, 42: 0.7083333333333334, 43: 0.875, 49: 0.9166666666666666, 51: 0.9166666666666666, 57: 0.9166666666666666, 67: 0.7916666666666666, 68: 0.7083333333333334, 70: 0.8333333333333334, 71: 0.7916666666666666, 73: 0.9166666666666666, 79: 0.875, 80: 0.8333333333333334, 85: 0.9166666666666666, 88: 0.9166666666666666, 95: 0.7916666666666666, 98: 0.8333333333333334}

2025-09-06 09:31:41,321 [INFO] checkpoint_t_8  ->  0.85625
2025-09-06 09:32:12,071 [INFO] Label accuracies statistics:
2025-09-06 09:32:12,073 [INFO] {0: 0.875, 3: 0.75, 4: 0.9166666666666666, 8: 0.8333333333333334, 10: 0.875, 11: 0.8333333333333334, 14: 0.875, 15: 0.8333333333333334, 19: 0.9166666666666666, 21: 0.7083333333333334, 27: 0.9583333333333334, 31: 0.75, 33: 1.0, 43: 0.7083333333333334, 44: 0.9583333333333334, 50: 0.9166666666666666, 53: 0.8541666666666666, 56: 0.7916666666666666, 60: 0.7916666666666666, 62: 0.9166666666666666, 65: 0.875, 66: 0.9583333333333334, 69: 0.7916666666666666, 70: 0.7083333333333334, 72: 0.9166666666666666, 75: 0.8333333333333334, 89: 0.8333333333333334, 93: 0.875, 94: 0.875, 95: 0.875, 97: 0.8333333333333334}

2025-09-06 09:32:42,637 [INFO] checkpoint_v_8  ->  0.84875
2025-09-06 09:33:14,541 [INFO] Label accuracies statistics:
2025-09-06 09:33:14,541 [INFO] {1: 0.8333333333333334, 3: 0.9166666666666666, 7: 0.7916666666666666, 10: 0.75, 13: 0.8125, 15: 0.9166666666666666, 23: 0.75, 29: 0.8333333333333334, 30: 0.7916666666666666, 37: 0.75, 38: 0.8333333333333334, 39: 0.875, 45: 0.7916666666666666, 46: 0.7916666666666666, 47: 0.7916666666666666, 48: 0.8333333333333334, 49: 0.875, 52: 0.875, 53: 0.9166666666666666, 59: 0.8333333333333334, 61: 0.7916666666666666, 72: 0.875, 76: 0.875, 79: 0.9166666666666666, 84: 0.9166666666666666, 85: 0.875, 86: 1.0, 87: 1.0, 94: 0.9166666666666666, 95: 0.875, 96: 0.9166666666666666, 97: 0.7916666666666666}

2025-09-06 09:33:43,507 [INFO] checkpoint_t_9  ->  0.85
2025-09-06 09:34:15,426 [INFO] Label accuracies statistics:
2025-09-06 09:34:15,426 [INFO] {8: 0.9166666666666666, 10: 0.9583333333333334, 11: 0.6666666666666666, 12: 0.875, 13: 0.9583333333333334, 14: 0.9166666666666666, 16: 0.9583333333333334, 25: 0.875, 27: 0.9166666666666666, 33: 0.7916666666666666, 34: 0.9583333333333334, 40: 0.7916666666666666, 42: 0.8125, 44: 0.9583333333333334, 53: 0.875, 57: 0.875, 59: 0.875, 62: 0.875, 65: 0.75, 66: 0.7916666666666666, 68: 0.875, 70: 0.7916666666666666, 71: 0.8333333333333334, 73: 0.9583333333333334, 80: 0.7916666666666666, 82: 0.875, 84: 0.7916666666666666, 90: 0.9166666666666666, 92: 0.8333333333333334, 93: 0.7916666666666666, 94: 0.7083333333333334}

2025-09-06 09:34:44,121 [INFO] checkpoint_v_9  ->  0.85375
2025-09-06 09:35:15,861 [INFO] Label accuracies statistics:
2025-09-06 09:35:15,861 [INFO] {0: 0.9583333333333334, 3: 0.875, 4: 0.7083333333333334, 7: 0.875, 9: 0.9166666666666666, 11: 0.7916666666666666, 15: 0.9166666666666666, 16: 0.7708333333333334, 21: 0.875, 22: 0.875, 29: 0.9583333333333334, 30: 0.8125, 34: 0.8333333333333334, 35: 0.9166666666666666, 36: 0.7083333333333334, 40: 0.9166666666666666, 42: 0.875, 47: 0.8541666666666666, 50: 0.875, 54: 0.7916666666666666, 67: 0.9166666666666666, 70: 0.875, 71: 0.7916666666666666, 73: 0.9166666666666666, 74: 0.875, 77: 0.75, 79: 0.8333333333333334, 94: 0.875}

2025-09-06 09:35:43,447 [INFO] checkpoint_t_10  ->  0.85
2025-09-06 09:36:14,388 [INFO] Label accuracies statistics:
2025-09-06 09:36:14,389 [INFO] {6: 0.9166666666666666, 8: 0.6666666666666666, 10: 0.75, 11: 0.7916666666666666, 13: 0.75, 16: 0.7916666666666666, 18: 0.9166666666666666, 20: 0.9583333333333334, 23: 0.8541666666666666, 26: 0.8333333333333334, 33: 0.8333333333333334, 34: 0.8333333333333334, 36: 0.9166666666666666, 37: 0.875, 39: 0.75, 45: 0.9166666666666666, 48: 0.875, 55: 0.75, 57: 0.875, 58: 0.875, 65: 0.7916666666666666, 69: 0.875, 72: 0.875, 73: 0.8333333333333334, 75: 0.9166666666666666, 78: 0.875, 82: 0.7083333333333334, 85: 0.9583333333333334, 90: 0.8333333333333334, 92: 0.9583333333333334, 93: 0.875}

2025-09-06 09:36:42,221 [INFO] checkpoint_v_10  ->  0.84875
2025-09-06 09:36:42,221 [INFO] 
The top result was recorded at 0.85625 testing accuracy. The best checkpoint is WLASL100/checkpoint_t_8.
2025-09-06 09:36:42,711 [INFO] 
Any desired statistics have been plotted.
The experiment is finished.
